sample_id,participant_id,image_path,sentence_id,text,split
1,3130f902-147f-483e-b4c8-fa62c9595101,dataset/000001.jpg,71,الگوریتم‌ها مسائل را حل می‌کنند.,train
2,3130f902-147f-483e-b4c8-fa62c9595101,dataset/000002.jpg,21,هنر می‌تواند احساسات را بیان کند.,train
3,3130f902-147f-483e-b4c8-fa62c9595101,dataset/000003.jpg,26,آزمایش دقیق اساس علم است.,train
4,3130f902-147f-483e-b4c8-fa62c9595101,dataset/000004.jpg,77,نقاشی مینیاتور ظرافت خاصی دارد.,train
5,3130f902-147f-483e-b4c8-fa62c9595101,dataset/000005.jpg,100,آینده از آن کسانی است که امروز می‌کوشند.,train
6,3130f902-147f-483e-b4c8-fa62c9595101,dataset/000006.jpg,22,پل‌های تاریخی یادگار گذشتگان‌اند.,train
7,3130f902-147f-483e-b4c8-fa62c9595101,dataset/000007.jpg,37,کویر در شب بسیار زیباست.,train
8,3130f902-147f-483e-b4c8-fa62c9595101,dataset/000008.jpg,24,صبحانه سالم روز را بهتر آغاز می‌کند.,train
9,3130f902-147f-483e-b4c8-fa62c9595101,dataset/000009.jpg,82,کد تمیز نگهداری پروژه را آسان می‌کند.,train
10,3130f902-147f-483e-b4c8-fa62c9595101,dataset/000010.jpg,91,سیستم‌های هوشمند تصمیم‌گیری را یاری می‌کنند.,train
11,3130f902-147f-483e-b4c8-fa62c9595101,dataset/000011.jpg,32,فیزیک قوانین حرکت را توضیح می‌دهد.,train
12,3130f902-147f-483e-b4c8-fa62c9595101,dataset/000012.jpg,4,پرندگان در بهار آواز می‌خوانند.,train
13,3130f902-147f-483e-b4c8-fa62c9595101,dataset/000013.jpg,99,همدلی جامعه را قوی‌تر می‌کند.,train
14,3130f902-147f-483e-b4c8-fa62c9595101,dataset/000014.jpg,25,درختان اکسیژن تولید می‌کنند.,train
15,3130f902-147f-483e-b4c8-fa62c9595101,dataset/000015.jpg,97,شعله شمع در باد می‌لرزد.,train
16,3130f902-147f-483e-b4c8-fa62c9595101,dataset/000016.jpg,16,نوآوری بدون پشتکار ممکن نیست.,train
17,3130f902-147f-483e-b4c8-fa62c9595101,dataset/000017.jpg,48,نان تازه بوی خوبی دارد.,train
18,3130f902-147f-483e-b4c8-fa62c9595101,dataset/000018.jpg,2,امروز هوا بسیار خوب است.,train
19,3130f902-147f-483e-b4c8-fa62c9595101,dataset/000019.jpg,73,خط میخی از خطوط کهن است.,train
20,3130f902-147f-483e-b4c8-fa62c9595101,dataset/000020.jpg,83,قصه‌های مادربزرگ خاطره‌انگیزند.,train
21,3130f902-147f-483e-b4c8-fa62c9595101,dataset/000021.jpg,1,من به یادگیری هوش مصنوعی علاقه دارم.,train
22,3130f902-147f-483e-b4c8-fa62c9595101,dataset/000022.jpg,67,محیط زیست نیازمند مراقبت است.,train
23,3130f902-147f-483e-b4c8-fa62c9595101,dataset/000023.jpg,33,خطاطی هنر زیبایی است.,train
24,3130f902-147f-483e-b4c8-fa62c9595101,dataset/000024.jpg,75,شهرها به فضای سبز نیاز دارند.,train
25,3130f902-147f-483e-b4c8-fa62c9595101,dataset/000025.jpg,40,ساسانیان یکی از سلسله‌های ایران بودند.,train
26,3130f902-147f-483e-b4c8-fa62c9595101,dataset/000026.jpg,45,داستان‌های کهن پندآموز هستند.,train
27,3130f902-147f-483e-b4c8-fa62c9595101,dataset/000027.jpg,15,آب پاکیزه نعمتی بزرگ است.,train
28,3130f902-147f-483e-b4c8-fa62c9595101,dataset/000028.jpg,50,نور خورشید انرژی زمین است.,train
29,3130f902-147f-483e-b4c8-fa62c9595101,dataset/000029.jpg,44,زیست‌شناسی زندگی را مطالعه می‌کند.,train
30,3130f902-147f-483e-b4c8-fa62c9595101,dataset/000030.jpg,81,ابرها باران را با خود می‌آورند.,train
31,3130f902-147f-483e-b4c8-fa62c9595101,dataset/000031.jpg,23,برنامه نویسی مهارت مفیدی است.,train
32,3130f902-147f-483e-b4c8-fa62c9595101,dataset/000032.jpg,9,کوهنوردی در صبح زود انرژی می‌بخشد.,train
33,3130f902-147f-483e-b4c8-fa62c9595101,dataset/000033.jpg,74,آب و هوا در حال تغییر است.,train
34,3130f902-147f-483e-b4c8-fa62c9595101,dataset/000034.jpg,98,نرم‌افزار آزاد به اشتراک دانش کمک می‌کند.,train
35,3130f902-147f-483e-b4c8-fa62c9595101,dataset/000035.jpg,28,انقلاب مشروطه نقطه عطفی بود.,train
36,3130f902-147f-483e-b4c8-fa62c9595101,dataset/000036.jpg,17,کودکان آینده جامعه هستند.,train
37,3130f902-147f-483e-b4c8-fa62c9595101,dataset/000037.jpg,76,پرواز پرندگان الهام‌بخش مهندسان شد.,train
38,3130f902-147f-483e-b4c8-fa62c9595101,dataset/000038.jpg,27,موسیقی سنتی ایرانی شنیدنی است.,train
39,3130f902-147f-483e-b4c8-fa62c9595101,dataset/000039.jpg,68,هر انسان حق آموزش دارد.,train
40,3130f902-147f-483e-b4c8-fa62c9595101,dataset/000040.jpg,63,آسمان صاف نوید روزی آرام است.,train
41,3130f902-147f-483e-b4c8-fa62c9595101,dataset/000041.jpg,92,گنجینه‌های خطی باید دیجیتال شوند.,train
42,3130f902-147f-483e-b4c8-fa62c9595101,dataset/000042.jpg,53,یادگیری زبان جدید ذهن را فعال می‌کند.,train
43,3130f902-147f-483e-b4c8-fa62c9595101,dataset/000043.jpg,20,ریاضیات زبان طبیعت است.,train
44,3130f902-147f-483e-b4c8-fa62c9595101,dataset/000044.jpg,80,دانش باید در خدمت انسان باشد.,train
45,3130f902-147f-483e-b4c8-fa62c9595101,dataset/000045.jpg,57,همکاری تیمی نتایج بهتری می‌دهد.,train
46,3130f902-147f-483e-b4c8-fa62c9595101,dataset/000046.jpg,62,کتاب خوب دوست وفاداری است.,train
47,3130f902-147f-483e-b4c8-fa62c9595101,dataset/000047.jpg,55,نقشه راه پژوهش باید روشن باشد.,train
48,3130f902-147f-483e-b4c8-fa62c9595101,dataset/000048.jpg,52,آثار باستانی باید محافظت شوند.,train
49,3130f902-147f-483e-b4c8-fa62c9595101,dataset/000049.jpg,5,چای داغ در عصر پاییزی لذت‌بخش است.,train
50,3130f902-147f-483e-b4c8-fa62c9595101,dataset/000050.jpg,87,آزمایشگاه محل کشف‌های تازه است.,train
51,3130f902-147f-483e-b4c8-fa62c9595101,dataset/000051.jpg,10,دانشگاه محل تبادل اندیشه است.,train
52,3130f902-147f-483e-b4c8-fa62c9595101,dataset/000052.jpg,88,دفترچه یادداشت افکار را نگه می‌دارد.,train
53,3130f902-147f-483e-b4c8-fa62c9595101,dataset/000053.jpg,51,سینما روایتگر قصه‌های انسانی است.,train
54,3130f902-147f-483e-b4c8-fa62c9595101,dataset/000054.jpg,70,کوه دماوند نماد ایران است.,train
55,3130f902-147f-483e-b4c8-fa62c9595101,dataset/000055.jpg,34,کاروانسراها در گذشته اهمیت داشتند.,train
56,3130f902-147f-483e-b4c8-fa62c9595101,dataset/000056.jpg,59,فصل پاییز برگ‌ها زرد می‌شوند.,train
57,3130f902-147f-483e-b4c8-fa62c9595101,dataset/000057.jpg,31,باران بهاری زمین را تازه می‌کند.,train
58,3130f902-147f-483e-b4c8-fa62c9595101,dataset/000058.jpg,47,ربات‌ها کارهای تکراری را انجام می‌دهند.,train
59,3130f902-147f-483e-b4c8-fa62c9595101,dataset/000059.jpg,58,صبر و پشتکار کلید موفقیت است.,train
60,3130f902-147f-483e-b4c8-fa62c9595101,dataset/000060.jpg,46,جاده ابریشم مسیر تجارت بود.,train
61,3130f902-147f-483e-b4c8-fa62c9595101,dataset/000061.jpg,84,صلح آرزوی همه انسان‌هاست.,train
62,3130f902-147f-483e-b4c8-fa62c9595101,dataset/000062.jpg,93,یادگیری مادام‌العمر یک ضرورت است.,train
63,3130f902-147f-483e-b4c8-fa62c9595101,dataset/000063.jpg,56,پرسشگری آغاز دانایی است.,train
64,3130f902-147f-483e-b4c8-fa62c9595101,dataset/000064.jpg,29,هوش مصنوعی در پزشکی کاربرد دارد.,train
65,3130f902-147f-483e-b4c8-fa62c9595101,dataset/000065.jpg,60,آینه حقیقت را بازمی‌تاباند.,train
66,3130f902-147f-483e-b4c8-fa62c9595101,dataset/000066.jpg,78,بازارچه محلی محصولات تازه دارد.,train
67,3130f902-147f-483e-b4c8-fa62c9595101,dataset/000067.jpg,90,باد خنک صورت را نوازش می‌دهد.,train
68,3130f902-147f-483e-b4c8-fa62c9595101,dataset/000068.jpg,61,زمان با ارزش‌ترین دارایی انسان است.,train
69,3130f902-147f-483e-b4c8-fa62c9595101,dataset/000069.jpg,3,کتابخانه محل آرامش من است.,train
70,3130f902-147f-483e-b4c8-fa62c9595101,dataset/000070.jpg,30,دوستی واقعی در سختی‌ها شناخته می‌شود.,train
71,3130f902-147f-483e-b4c8-fa62c9595101,dataset/000071.jpg,12,باید هر روز کمی ورزش کنیم.,train
72,3130f902-147f-483e-b4c8-fa62c9595101,dataset/000072.jpg,69,خنده بهترین دارو است.,train
73,3130f902-147f-483e-b4c8-fa62c9595101,dataset/000073.jpg,11,اینترنت دسترسی به دانش را آسان کرده است.,train
74,3130f902-147f-483e-b4c8-fa62c9595101,dataset/000074.jpg,39,جشن نوروز هر سال برگزار می‌شود.,train
75,3130f902-147f-483e-b4c8-fa62c9595101,dataset/000075.jpg,96,موج دریا شن‌ها را جابه‌جا می‌کند.,train
76,3130f902-147f-483e-b4c8-fa62c9595101,dataset/000076.jpg,94,صبح زود بهترین زمان مطالعه است.,train
77,3130f902-147f-483e-b4c8-fa62c9595101,dataset/000077.jpg,72,نوروز پیام‌آور نو شدن است.,train
78,3130f902-147f-483e-b4c8-fa62c9595101,dataset/000078.jpg,43,گل‌ها در باغچه شکفته‌اند.,train
79,3130f902-147f-483e-b4c8-fa62c9595101,dataset/000079.jpg,54,معلم خوب الهام‌بخش شاگردان است.,train
80,3130f902-147f-483e-b4c8-fa62c9595101,dataset/000080.jpg,35,داده‌ها باید با دقت ذخیره شوند.,train
81,3130f902-147f-483e-b4c8-fa62c9595101,dataset/000081.jpg,79,درخت کهنسال سایه گسترده‌ای دارد.,train
82,3130f902-147f-483e-b4c8-fa62c9595101,dataset/000082.jpg,65,پاسداری از زبان فارسی وظیفه همگانی است.,train
83,3130f902-147f-483e-b4c8-fa62c9595101,dataset/000083.jpg,66,موزه‌ها حافظه جمعی ما هستند.,train
84,3130f902-147f-483e-b4c8-fa62c9595101,dataset/000084.jpg,85,مقدار کمی نمک طعم غذا را بهتر می‌کند.,train
85,3130f902-147f-483e-b4c8-fa62c9595101,dataset/000085.jpg,64,تکنولوژی زندگی روزمره را دگرگون کرده است.,train
86,3130f902-147f-483e-b4c8-fa62c9595101,dataset/000086.jpg,6,تاریخ ایران پر از رویدادهای مهم است.,train
87,3130f902-147f-483e-b4c8-fa62c9595101,dataset/000087.jpg,86,شب‌های تابستان طولانی‌تر به نظر می‌رسند.,train
88,3130f902-147f-483e-b4c8-fa62c9595101,dataset/000088.jpg,7,علم راه رسیدن به حقیقت را هموار می‌کند.,train
89,3130f902-147f-483e-b4c8-fa62c9595101,dataset/000089.jpg,19,رودخانه آرام از میان دره می‌گذرد.,train
90,3130f902-147f-483e-b4c8-fa62c9595101,dataset/000090.jpg,14,شعر فارسی گنجینه‌ای ارزشمند است.,train
91,3130f902-147f-483e-b4c8-fa62c9595101,dataset/000091.jpg,36,خواب کافی برای سلامت لازم است.,train
92,3130f902-147f-483e-b4c8-fa62c9595101,dataset/000092.jpg,41,امنیت اطلاعات بسیار مهم است.,train
93,3130f902-147f-483e-b4c8-fa62c9595101,dataset/000093.jpg,8,فرهنگ هر ملت در زبان آن زنده می‌ماند.,train
94,3130f902-147f-483e-b4c8-fa62c9595101,dataset/000094.jpg,42,پیاده‌روی عصرگاهی آرامش می‌آورد.,train
95,3130f902-147f-483e-b4c8-fa62c9595101,dataset/000095.jpg,89,پل‌ها شهرها را به هم وصل می‌کنند.,train
96,3130f902-147f-483e-b4c8-fa62c9595101,dataset/000096.jpg,13,ستاره‌ها در شب می‌درخشند.,train
97,3130f902-147f-483e-b4c8-fa62c9595101,dataset/000097.jpg,95,قهوه تلخ انرژی صبحگاهی می‌دهد.,train
98,3130f902-147f-483e-b4c8-fa62c9595101,dataset/000098.jpg,18,بازار قدیمی هنوز رونق دارد.,train
99,40478957-393e-4631-8508-e398cee8f943,dataset/000099.jpg,32,فیزیک قوانین حرکت را توضیح می‌دهد.,train
100,40478957-393e-4631-8508-e398cee8f943,dataset/000100.jpg,97,شعله شمع در باد می‌لرزد.,train
101,40478957-393e-4631-8508-e398cee8f943,dataset/000101.jpg,63,آسمان صاف نوید روزی آرام است.,train
102,40478957-393e-4631-8508-e398cee8f943,dataset/000102.jpg,50,نور خورشید انرژی زمین است.,train
103,40478957-393e-4631-8508-e398cee8f943,dataset/000103.jpg,25,درختان اکسیژن تولید می‌کنند.,train
104,40478957-393e-4631-8508-e398cee8f943,dataset/000104.jpg,12,باید هر روز کمی ورزش کنیم.,train
105,40478957-393e-4631-8508-e398cee8f943,dataset/000105.jpg,4,پرندگان در بهار آواز می‌خوانند.,train
106,40478957-393e-4631-8508-e398cee8f943,dataset/000106.jpg,21,هنر می‌تواند احساسات را بیان کند.,train
107,40478957-393e-4631-8508-e398cee8f943,dataset/000107.jpg,43,گل‌ها در باغچه شکفته‌اند.,train
108,40478957-393e-4631-8508-e398cee8f943,dataset/000108.jpg,87,آزمایشگاه محل کشف‌های تازه است.,train
109,40478957-393e-4631-8508-e398cee8f943,dataset/000109.jpg,1,من به یادگیری هوش مصنوعی علاقه دارم.,train
110,40478957-393e-4631-8508-e398cee8f943,dataset/000110.jpg,41,امنیت اطلاعات بسیار مهم است.,train
111,40478957-393e-4631-8508-e398cee8f943,dataset/000111.jpg,8,فرهنگ هر ملت در زبان آن زنده می‌ماند.,train
112,40478957-393e-4631-8508-e398cee8f943,dataset/000112.jpg,49,دریا موج‌های بلندی دارد.,train
113,40478957-393e-4631-8508-e398cee8f943,dataset/000113.jpg,22,پل‌های تاریخی یادگار گذشتگان‌اند.,train
114,40478957-393e-4631-8508-e398cee8f943,dataset/000114.jpg,53,یادگیری زبان جدید ذهن را فعال می‌کند.,train
115,40478957-393e-4631-8508-e398cee8f943,dataset/000115.jpg,47,ربات‌ها کارهای تکراری را انجام می‌دهند.,train
116,40478957-393e-4631-8508-e398cee8f943,dataset/000116.jpg,54,معلم خوب الهام‌بخش شاگردان است.,train
117,40478957-393e-4631-8508-e398cee8f943,dataset/000117.jpg,84,صلح آرزوی همه انسان‌هاست.,train
118,40478957-393e-4631-8508-e398cee8f943,dataset/000118.jpg,27,موسیقی سنتی ایرانی شنیدنی است.,train
119,40478957-393e-4631-8508-e398cee8f943,dataset/000119.jpg,88,دفترچه یادداشت افکار را نگه می‌دارد.,train
120,40478957-393e-4631-8508-e398cee8f943,dataset/000120.jpg,99,همدلی جامعه را قوی‌تر می‌کند.,train
121,40478957-393e-4631-8508-e398cee8f943,dataset/000121.jpg,13,ستاره‌ها در شب می‌درخشند.,train
122,40478957-393e-4631-8508-e398cee8f943,dataset/000122.jpg,66,موزه‌ها حافظه جمعی ما هستند.,train
123,40478957-393e-4631-8508-e398cee8f943,dataset/000123.jpg,56,پرسشگری آغاز دانایی است.,train
124,40478957-393e-4631-8508-e398cee8f943,dataset/000124.jpg,44,زیست‌شناسی زندگی را مطالعه می‌کند.,train
125,40478957-393e-4631-8508-e398cee8f943,dataset/000125.jpg,98,نرم‌افزار آزاد به اشتراک دانش کمک می‌کند.,train
126,40478957-393e-4631-8508-e398cee8f943,dataset/000126.jpg,29,هوش مصنوعی در پزشکی کاربرد دارد.,train
127,40478957-393e-4631-8508-e398cee8f943,dataset/000127.jpg,72,نوروز پیام‌آور نو شدن است.,train
128,40478957-393e-4631-8508-e398cee8f943,dataset/000128.jpg,31,باران بهاری زمین را تازه می‌کند.,train
129,40478957-393e-4631-8508-e398cee8f943,dataset/000129.jpg,94,صبح زود بهترین زمان مطالعه است.,train
130,40478957-393e-4631-8508-e398cee8f943,dataset/000130.jpg,26,آزمایش دقیق اساس علم است.,train
131,40478957-393e-4631-8508-e398cee8f943,dataset/000131.jpg,69,خنده بهترین دارو است.,train
132,40478957-393e-4631-8508-e398cee8f943,dataset/000132.jpg,30,دوستی واقعی در سختی‌ها شناخته می‌شود.,train
133,40478957-393e-4631-8508-e398cee8f943,dataset/000133.jpg,37,کویر در شب بسیار زیباست.,train
134,40478957-393e-4631-8508-e398cee8f943,dataset/000134.jpg,5,چای داغ در عصر پاییزی لذت‌بخش است.,train
135,40478957-393e-4631-8508-e398cee8f943,dataset/000135.jpg,74,آب و هوا در حال تغییر است.,train
136,40478957-393e-4631-8508-e398cee8f943,dataset/000136.jpg,42,پیاده‌روی عصرگاهی آرامش می‌آورد.,train
137,40478957-393e-4631-8508-e398cee8f943,dataset/000137.jpg,73,خط میخی از خطوط کهن است.,train
138,40478957-393e-4631-8508-e398cee8f943,dataset/000138.jpg,58,صبر و پشتکار کلید موفقیت است.,train
139,40478957-393e-4631-8508-e398cee8f943,dataset/000139.jpg,46,جاده ابریشم مسیر تجارت بود.,train
140,40478957-393e-4631-8508-e398cee8f943,dataset/000140.jpg,33,خطاطی هنر زیبایی است.,train
141,40478957-393e-4631-8508-e398cee8f943,dataset/000141.jpg,15,آب پاکیزه نعمتی بزرگ است.,train
142,40478957-393e-4631-8508-e398cee8f943,dataset/000142.jpg,70,کوه دماوند نماد ایران است.,train
143,40478957-393e-4631-8508-e398cee8f943,dataset/000143.jpg,83,قصه‌های مادربزرگ خاطره‌انگیزند.,train
144,40478957-393e-4631-8508-e398cee8f943,dataset/000144.jpg,78,بازارچه محلی محصولات تازه دارد.,train
145,40478957-393e-4631-8508-e398cee8f943,dataset/000145.jpg,65,پاسداری از زبان فارسی وظیفه همگانی است.,train
146,40478957-393e-4631-8508-e398cee8f943,dataset/000146.jpg,19,رودخانه آرام از میان دره می‌گذرد.,train
147,40478957-393e-4631-8508-e398cee8f943,dataset/000147.jpg,24,صبحانه سالم روز را بهتر آغاز می‌کند.,train
148,40478957-393e-4631-8508-e398cee8f943,dataset/000148.jpg,100,آینده از آن کسانی است که امروز می‌کوشند.,train
149,40478957-393e-4631-8508-e398cee8f943,dataset/000149.jpg,62,کتاب خوب دوست وفاداری است.,train
150,40478957-393e-4631-8508-e398cee8f943,dataset/000150.jpg,85,مقدار کمی نمک طعم غذا را بهتر می‌کند.,train
151,40478957-393e-4631-8508-e398cee8f943,dataset/000151.jpg,93,یادگیری مادام‌العمر یک ضرورت است.,train
152,40478957-393e-4631-8508-e398cee8f943,dataset/000152.jpg,96,موج دریا شن‌ها را جابه‌جا می‌کند.,train
153,40478957-393e-4631-8508-e398cee8f943,dataset/000153.jpg,14,شعر فارسی گنجینه‌ای ارزشمند است.,train
154,40478957-393e-4631-8508-e398cee8f943,dataset/000154.jpg,45,داستان‌های کهن پندآموز هستند.,train
155,40478957-393e-4631-8508-e398cee8f943,dataset/000155.jpg,18,بازار قدیمی هنوز رونق دارد.,train
156,40478957-393e-4631-8508-e398cee8f943,dataset/000156.jpg,55,نقشه راه پژوهش باید روشن باشد.,train
157,40478957-393e-4631-8508-e398cee8f943,dataset/000157.jpg,16,نوآوری بدون پشتکار ممکن نیست.,train
158,40478957-393e-4631-8508-e398cee8f943,dataset/000158.jpg,79,درخت کهنسال سایه گسترده‌ای دارد.,train
159,40478957-393e-4631-8508-e398cee8f943,dataset/000159.jpg,82,کد تمیز نگهداری پروژه را آسان می‌کند.,train
160,40478957-393e-4631-8508-e398cee8f943,dataset/000160.jpg,28,انقلاب مشروطه نقطه عطفی بود.,train
161,40478957-393e-4631-8508-e398cee8f943,dataset/000161.jpg,68,هر انسان حق آموزش دارد.,train
162,40478957-393e-4631-8508-e398cee8f943,dataset/000162.jpg,64,تکنولوژی زندگی روزمره را دگرگون کرده است.,train
163,40478957-393e-4631-8508-e398cee8f943,dataset/000163.jpg,48,نان تازه بوی خوبی دارد.,train
164,40478957-393e-4631-8508-e398cee8f943,dataset/000164.jpg,91,سیستم‌های هوشمند تصمیم‌گیری را یاری می‌کنند.,train
165,40478957-393e-4631-8508-e398cee8f943,dataset/000165.jpg,75,شهرها به فضای سبز نیاز دارند.,train
166,40478957-393e-4631-8508-e398cee8f943,dataset/000166.jpg,36,خواب کافی برای سلامت لازم است.,train
167,40478957-393e-4631-8508-e398cee8f943,dataset/000167.jpg,10,دانشگاه محل تبادل اندیشه است.,train
168,40478957-393e-4631-8508-e398cee8f943,dataset/000168.jpg,90,باد خنک صورت را نوازش می‌دهد.,train
169,40478957-393e-4631-8508-e398cee8f943,dataset/000169.jpg,6,تاریخ ایران پر از رویدادهای مهم است.,train
170,40478957-393e-4631-8508-e398cee8f943,dataset/000170.jpg,3,کتابخانه محل آرامش من است.,train
171,40478957-393e-4631-8508-e398cee8f943,dataset/000171.jpg,86,شب‌های تابستان طولانی‌تر به نظر می‌رسند.,train
172,40478957-393e-4631-8508-e398cee8f943,dataset/000172.jpg,51,سینما روایتگر قصه‌های انسانی است.,train
173,40478957-393e-4631-8508-e398cee8f943,dataset/000173.jpg,76,پرواز پرندگان الهام‌بخش مهندسان شد.,train
174,40478957-393e-4631-8508-e398cee8f943,dataset/000174.jpg,7,علم راه رسیدن به حقیقت را هموار می‌کند.,train
175,40478957-393e-4631-8508-e398cee8f943,dataset/000175.jpg,61,زمان با ارزش‌ترین دارایی انسان است.,train
176,40478957-393e-4631-8508-e398cee8f943,dataset/000176.jpg,11,اینترنت دسترسی به دانش را آسان کرده است.,train
177,40478957-393e-4631-8508-e398cee8f943,dataset/000177.jpg,92,گنجینه‌های خطی باید دیجیتال شوند.,train
178,40478957-393e-4631-8508-e398cee8f943,dataset/000178.jpg,2,امروز هوا بسیار خوب است.,train
179,40478957-393e-4631-8508-e398cee8f943,dataset/000179.jpg,9,کوهنوردی در صبح زود انرژی می‌بخشد.,train
180,40478957-393e-4631-8508-e398cee8f943,dataset/000180.jpg,71,الگوریتم‌ها مسائل را حل می‌کنند.,train
181,40478957-393e-4631-8508-e398cee8f943,dataset/000181.jpg,17,کودکان آینده جامعه هستند.,train
182,40478957-393e-4631-8508-e398cee8f943,dataset/000182.jpg,67,محیط زیست نیازمند مراقبت است.,train
183,40478957-393e-4631-8508-e398cee8f943,dataset/000183.jpg,60,آینه حقیقت را بازمی‌تاباند.,train
184,40478957-393e-4631-8508-e398cee8f943,dataset/000184.jpg,59,فصل پاییز برگ‌ها زرد می‌شوند.,train
185,40478957-393e-4631-8508-e398cee8f943,dataset/000185.jpg,80,دانش باید در خدمت انسان باشد.,train
186,40478957-393e-4631-8508-e398cee8f943,dataset/000186.jpg,20,ریاضیات زبان طبیعت است.,train
187,40478957-393e-4631-8508-e398cee8f943,dataset/000187.jpg,57,همکاری تیمی نتایج بهتری می‌دهد.,train
188,40478957-393e-4631-8508-e398cee8f943,dataset/000188.jpg,77,نقاشی مینیاتور ظرافت خاصی دارد.,train
189,40478957-393e-4631-8508-e398cee8f943,dataset/000189.jpg,34,کاروانسراها در گذشته اهمیت داشتند.,train
190,40478957-393e-4631-8508-e398cee8f943,dataset/000190.jpg,52,آثار باستانی باید محافظت شوند.,train
191,40478957-393e-4631-8508-e398cee8f943,dataset/000191.jpg,89,پل‌ها شهرها را به هم وصل می‌کنند.,train
192,40478957-393e-4631-8508-e398cee8f943,dataset/000192.jpg,95,قهوه تلخ انرژی صبحگاهی می‌دهد.,train
193,40478957-393e-4631-8508-e398cee8f943,dataset/000193.jpg,38,شیمی مطالعه مواد است.,train
194,40478957-393e-4631-8508-e398cee8f943,dataset/000194.jpg,81,ابرها باران را با خود می‌آورند.,train
195,40478957-393e-4631-8508-e398cee8f943,dataset/000195.jpg,35,داده‌ها باید با دقت ذخیره شوند.,train
196,40478957-393e-4631-8508-e398cee8f943,dataset/000196.jpg,23,برنامه نویسی مهارت مفیدی است.,train
197,e6315d87-bdc8-4c56-8d60-e0185becfb03,dataset/000197.jpg,66,موزه‌ها حافظه جمعی ما هستند.,train
198,e6315d87-bdc8-4c56-8d60-e0185becfb03,dataset/000198.jpg,68,هر انسان حق آموزش دارد.,train
199,e6315d87-bdc8-4c56-8d60-e0185becfb03,dataset/000199.jpg,3,کتابخانه محل آرامش من است.,train
200,e6315d87-bdc8-4c56-8d60-e0185becfb03,dataset/000200.jpg,52,آثار باستانی باید محافظت شوند.,train
201,e6315d87-bdc8-4c56-8d60-e0185becfb03,dataset/000201.jpg,59,فصل پاییز برگ‌ها زرد می‌شوند.,train
202,e6315d87-bdc8-4c56-8d60-e0185becfb03,dataset/000202.jpg,10,دانشگاه محل تبادل اندیشه است.,train
203,e6315d87-bdc8-4c56-8d60-e0185becfb03,dataset/000203.jpg,43,گل‌ها در باغچه شکفته‌اند.,train
204,e6315d87-bdc8-4c56-8d60-e0185becfb03,dataset/000204.jpg,39,جشن نوروز هر سال برگزار می‌شود.,train
205,e6315d87-bdc8-4c56-8d60-e0185becfb03,dataset/000205.jpg,13,ستاره‌ها در شب می‌درخشند.,train
206,e6315d87-bdc8-4c56-8d60-e0185becfb03,dataset/000206.jpg,12,باید هر روز کمی ورزش کنیم.,train
207,e6315d87-bdc8-4c56-8d60-e0185becfb03,dataset/000207.jpg,81,ابرها باران را با خود می‌آورند.,train
208,e6315d87-bdc8-4c56-8d60-e0185becfb03,dataset/000208.jpg,65,پاسداری از زبان فارسی وظیفه همگانی است.,train
209,e6315d87-bdc8-4c56-8d60-e0185becfb03,dataset/000209.jpg,32,فیزیک قوانین حرکت را توضیح می‌دهد.,train
210,e6315d87-bdc8-4c56-8d60-e0185becfb03,dataset/000210.jpg,74,آب و هوا در حال تغییر است.,train
211,e6315d87-bdc8-4c56-8d60-e0185becfb03,dataset/000211.jpg,23,برنامه نویسی مهارت مفیدی است.,train
212,e6315d87-bdc8-4c56-8d60-e0185becfb03,dataset/000212.jpg,94,صبح زود بهترین زمان مطالعه است.,train
213,e6315d87-bdc8-4c56-8d60-e0185becfb03,dataset/000213.jpg,36,خواب کافی برای سلامت لازم است.,train
214,e6315d87-bdc8-4c56-8d60-e0185becfb03,dataset/000214.jpg,4,پرندگان در بهار آواز می‌خوانند.,train
215,e6315d87-bdc8-4c56-8d60-e0185becfb03,dataset/000215.jpg,17,کودکان آینده جامعه هستند.,train
216,e6315d87-bdc8-4c56-8d60-e0185becfb03,dataset/000216.jpg,88,دفترچه یادداشت افکار را نگه می‌دارد.,train
217,e6315d87-bdc8-4c56-8d60-e0185becfb03,dataset/000217.jpg,80,دانش باید در خدمت انسان باشد.,train
218,e6315d87-bdc8-4c56-8d60-e0185becfb03,dataset/000218.jpg,26,آزمایش دقیق اساس علم است.,train
219,e6315d87-bdc8-4c56-8d60-e0185becfb03,dataset/000219.jpg,29,هوش مصنوعی در پزشکی کاربرد دارد.,train
220,e6315d87-bdc8-4c56-8d60-e0185becfb03,dataset/000220.jpg,73,خط میخی از خطوط کهن است.,train
221,e6315d87-bdc8-4c56-8d60-e0185becfb03,dataset/000221.jpg,11,اینترنت دسترسی به دانش را آسان کرده است.,train
222,e6315d87-bdc8-4c56-8d60-e0185becfb03,dataset/000222.jpg,54,معلم خوب الهام‌بخش شاگردان است.,train
223,e6315d87-bdc8-4c56-8d60-e0185becfb03,dataset/000223.jpg,44,زیست‌شناسی زندگی را مطالعه می‌کند.,train
224,e6315d87-bdc8-4c56-8d60-e0185becfb03,dataset/000224.jpg,19,رودخانه آرام از میان دره می‌گذرد.,train
225,e6315d87-bdc8-4c56-8d60-e0185becfb03,dataset/000225.jpg,37,کویر در شب بسیار زیباست.,train
226,e6315d87-bdc8-4c56-8d60-e0185becfb03,dataset/000226.jpg,64,تکنولوژی زندگی روزمره را دگرگون کرده است.,train
227,e6315d87-bdc8-4c56-8d60-e0185becfb03,dataset/000227.jpg,14,شعر فارسی گنجینه‌ای ارزشمند است.,train
228,e6315d87-bdc8-4c56-8d60-e0185becfb03,dataset/000228.jpg,77,نقاشی مینیاتور ظرافت خاصی دارد.,train
229,e6315d87-bdc8-4c56-8d60-e0185becfb03,dataset/000229.jpg,71,الگوریتم‌ها مسائل را حل می‌کنند.,train
230,e6315d87-bdc8-4c56-8d60-e0185becfb03,dataset/000230.jpg,18,بازار قدیمی هنوز رونق دارد.,train
231,e6315d87-bdc8-4c56-8d60-e0185becfb03,dataset/000231.jpg,78,بازارچه محلی محصولات تازه دارد.,train
232,e6315d87-bdc8-4c56-8d60-e0185becfb03,dataset/000232.jpg,83,قصه‌های مادربزرگ خاطره‌انگیزند.,train
233,e6315d87-bdc8-4c56-8d60-e0185becfb03,dataset/000233.jpg,1,من به یادگیری هوش مصنوعی علاقه دارم.,train
234,e6315d87-bdc8-4c56-8d60-e0185becfb03,dataset/000234.jpg,97,شعله شمع در باد می‌لرزد.,train
235,e6315d87-bdc8-4c56-8d60-e0185becfb03,dataset/000235.jpg,30,دوستی واقعی در سختی‌ها شناخته می‌شود.,train
236,e6315d87-bdc8-4c56-8d60-e0185becfb03,dataset/000236.jpg,28,انقلاب مشروطه نقطه عطفی بود.,train
237,e6315d87-bdc8-4c56-8d60-e0185becfb03,dataset/000237.jpg,49,دریا موج‌های بلندی دارد.,train
238,e6315d87-bdc8-4c56-8d60-e0185becfb03,dataset/000238.jpg,48,نان تازه بوی خوبی دارد.,train
239,e6315d87-bdc8-4c56-8d60-e0185becfb03,dataset/000239.jpg,2,امروز هوا بسیار خوب است.,train
240,e6315d87-bdc8-4c56-8d60-e0185becfb03,dataset/000240.jpg,58,صبر و پشتکار کلید موفقیت است.,train
241,e6315d87-bdc8-4c56-8d60-e0185becfb03,dataset/000241.jpg,76,پرواز پرندگان الهام‌بخش مهندسان شد.,train
242,e6315d87-bdc8-4c56-8d60-e0185becfb03,dataset/000242.jpg,72,نوروز پیام‌آور نو شدن است.,train
243,e6315d87-bdc8-4c56-8d60-e0185becfb03,dataset/000243.jpg,24,صبحانه سالم روز را بهتر آغاز می‌کند.,train
244,e6315d87-bdc8-4c56-8d60-e0185becfb03,dataset/000244.jpg,27,موسیقی سنتی ایرانی شنیدنی است.,train
245,e6315d87-bdc8-4c56-8d60-e0185becfb03,dataset/000245.jpg,22,پل‌های تاریخی یادگار گذشتگان‌اند.,train
246,e6315d87-bdc8-4c56-8d60-e0185becfb03,dataset/000246.jpg,56,پرسشگری آغاز دانایی است.,train
247,e6315d87-bdc8-4c56-8d60-e0185becfb03,dataset/000247.jpg,93,یادگیری مادام‌العمر یک ضرورت است.,train
248,e6315d87-bdc8-4c56-8d60-e0185becfb03,dataset/000248.jpg,62,کتاب خوب دوست وفاداری است.,train
249,e6315d87-bdc8-4c56-8d60-e0185becfb03,dataset/000249.jpg,84,صلح آرزوی همه انسان‌هاست.,train
250,e6315d87-bdc8-4c56-8d60-e0185becfb03,dataset/000250.jpg,91,سیستم‌های هوشمند تصمیم‌گیری را یاری می‌کنند.,train
251,e6315d87-bdc8-4c56-8d60-e0185becfb03,dataset/000251.jpg,45,داستان‌های کهن پندآموز هستند.,train
252,e6315d87-bdc8-4c56-8d60-e0185becfb03,dataset/000252.jpg,61,زمان با ارزش‌ترین دارایی انسان است.,train
253,e6315d87-bdc8-4c56-8d60-e0185becfb03,dataset/000253.jpg,95,قهوه تلخ انرژی صبحگاهی می‌دهد.,train
254,e6315d87-bdc8-4c56-8d60-e0185becfb03,dataset/000254.jpg,60,آینه حقیقت را بازمی‌تاباند.,train
255,e6315d87-bdc8-4c56-8d60-e0185becfb03,dataset/000255.jpg,41,امنیت اطلاعات بسیار مهم است.,train
256,e6315d87-bdc8-4c56-8d60-e0185becfb03,dataset/000256.jpg,20,ریاضیات زبان طبیعت است.,train
257,e6315d87-bdc8-4c56-8d60-e0185becfb03,dataset/000257.jpg,82,کد تمیز نگهداری پروژه را آسان می‌کند.,train
258,e6315d87-bdc8-4c56-8d60-e0185becfb03,dataset/000258.jpg,33,خطاطی هنر زیبایی است.,train
259,e6315d87-bdc8-4c56-8d60-e0185becfb03,dataset/000259.jpg,21,هنر می‌تواند احساسات را بیان کند.,train
260,e6315d87-bdc8-4c56-8d60-e0185becfb03,dataset/000260.jpg,100,آینده از آن کسانی است که امروز می‌کوشند.,train
261,e6315d87-bdc8-4c56-8d60-e0185becfb03,dataset/000261.jpg,34,کاروانسراها در گذشته اهمیت داشتند.,train
262,e6315d87-bdc8-4c56-8d60-e0185becfb03,dataset/000262.jpg,42,پیاده‌روی عصرگاهی آرامش می‌آورد.,train
263,e6315d87-bdc8-4c56-8d60-e0185becfb03,dataset/000263.jpg,85,مقدار کمی نمک طعم غذا را بهتر می‌کند.,train
264,e6315d87-bdc8-4c56-8d60-e0185becfb03,dataset/000264.jpg,75,شهرها به فضای سبز نیاز دارند.,train
265,e6315d87-bdc8-4c56-8d60-e0185becfb03,dataset/000265.jpg,15,آب پاکیزه نعمتی بزرگ است.,train
266,e6315d87-bdc8-4c56-8d60-e0185becfb03,dataset/000266.jpg,92,گنجینه‌های خطی باید دیجیتال شوند.,train
267,e6315d87-bdc8-4c56-8d60-e0185becfb03,dataset/000267.jpg,5,چای داغ در عصر پاییزی لذت‌بخش است.,train
268,e6315d87-bdc8-4c56-8d60-e0185becfb03,dataset/000268.jpg,7,علم راه رسیدن به حقیقت را هموار می‌کند.,train
269,e6315d87-bdc8-4c56-8d60-e0185becfb03,dataset/000269.jpg,86,شب‌های تابستان طولانی‌تر به نظر می‌رسند.,train
270,e6315d87-bdc8-4c56-8d60-e0185becfb03,dataset/000270.jpg,70,کوه دماوند نماد ایران است.,train
271,e6315d87-bdc8-4c56-8d60-e0185becfb03,dataset/000271.jpg,96,موج دریا شن‌ها را جابه‌جا می‌کند.,train
272,e6315d87-bdc8-4c56-8d60-e0185becfb03,dataset/000272.jpg,87,آزمایشگاه محل کشف‌های تازه است.,train
273,e6315d87-bdc8-4c56-8d60-e0185becfb03,dataset/000273.jpg,40,ساسانیان یکی از سلسله‌های ایران بودند.,train
274,e6315d87-bdc8-4c56-8d60-e0185becfb03,dataset/000274.jpg,46,جاده ابریشم مسیر تجارت بود.,train
275,e6315d87-bdc8-4c56-8d60-e0185becfb03,dataset/000275.jpg,6,تاریخ ایران پر از رویدادهای مهم است.,train
276,e6315d87-bdc8-4c56-8d60-e0185becfb03,dataset/000276.jpg,99,همدلی جامعه را قوی‌تر می‌کند.,train
277,e6315d87-bdc8-4c56-8d60-e0185becfb03,dataset/000277.jpg,47,ربات‌ها کارهای تکراری را انجام می‌دهند.,train
278,e6315d87-bdc8-4c56-8d60-e0185becfb03,dataset/000278.jpg,8,فرهنگ هر ملت در زبان آن زنده می‌ماند.,train
279,e6315d87-bdc8-4c56-8d60-e0185becfb03,dataset/000279.jpg,53,یادگیری زبان جدید ذهن را فعال می‌کند.,train
280,e6315d87-bdc8-4c56-8d60-e0185becfb03,dataset/000280.jpg,67,محیط زیست نیازمند مراقبت است.,train
281,e6315d87-bdc8-4c56-8d60-e0185becfb03,dataset/000281.jpg,35,داده‌ها باید با دقت ذخیره شوند.,train
282,e6315d87-bdc8-4c56-8d60-e0185becfb03,dataset/000282.jpg,89,پل‌ها شهرها را به هم وصل می‌کنند.,train
283,e6315d87-bdc8-4c56-8d60-e0185becfb03,dataset/000283.jpg,55,نقشه راه پژوهش باید روشن باشد.,train
284,e6315d87-bdc8-4c56-8d60-e0185becfb03,dataset/000284.jpg,38,شیمی مطالعه مواد است.,train
285,e6315d87-bdc8-4c56-8d60-e0185becfb03,dataset/000285.jpg,79,درخت کهنسال سایه گسترده‌ای دارد.,train
286,e6315d87-bdc8-4c56-8d60-e0185becfb03,dataset/000286.jpg,50,نور خورشید انرژی زمین است.,train
287,e6315d87-bdc8-4c56-8d60-e0185becfb03,dataset/000287.jpg,16,نوآوری بدون پشتکار ممکن نیست.,train
288,e6315d87-bdc8-4c56-8d60-e0185becfb03,dataset/000288.jpg,51,سینما روایتگر قصه‌های انسانی است.,train
289,e6315d87-bdc8-4c56-8d60-e0185becfb03,dataset/000289.jpg,69,خنده بهترین دارو است.,train
290,e6315d87-bdc8-4c56-8d60-e0185becfb03,dataset/000290.jpg,9,کوهنوردی در صبح زود انرژی می‌بخشد.,train
291,e6315d87-bdc8-4c56-8d60-e0185becfb03,dataset/000291.jpg,25,درختان اکسیژن تولید می‌کنند.,train
292,e6315d87-bdc8-4c56-8d60-e0185becfb03,dataset/000292.jpg,57,همکاری تیمی نتایج بهتری می‌دهد.,train
293,e6315d87-bdc8-4c56-8d60-e0185becfb03,dataset/000293.jpg,90,باد خنک صورت را نوازش می‌دهد.,train
294,e6315d87-bdc8-4c56-8d60-e0185becfb03,dataset/000294.jpg,98,نرم‌افزار آزاد به اشتراک دانش کمک می‌کند.,train
000295,c8f714ce-8069-4759-855a-b27196cb0980,dataset/000295.jpg,78,بازارچه محلی محصولات تازه دارد.,train
000296,c8f714ce-8069-4759-855a-b27196cb0980,dataset/000296.jpg,1,من به یادگیری هوش مصنوعی علاقه دارم.,train
000297,c8f714ce-8069-4759-855a-b27196cb0980,dataset/000297.jpg,92,گنجینه‌های خطی باید دیجیتال شوند.,train
000298,c8f714ce-8069-4759-855a-b27196cb0980,dataset/000298.jpg,26,آزمایش دقیق اساس علم است.,train
000299,c8f714ce-8069-4759-855a-b27196cb0980,dataset/000299.jpg,100,آینده از آن کسانی است که امروز می‌کوشند.,train
000300,c8f714ce-8069-4759-855a-b27196cb0980,dataset/000300.jpg,44,زیست‌شناسی زندگی را مطالعه می‌کند.,train
000301,c8f714ce-8069-4759-855a-b27196cb0980,dataset/000301.jpg,7,علم راه رسیدن به حقیقت را هموار می‌کند.,train
000302,c8f714ce-8069-4759-855a-b27196cb0980,dataset/000302.jpg,82,کد تمیز نگهداری پروژه را آسان می‌کند.,train
000303,c8f714ce-8069-4759-855a-b27196cb0980,dataset/000303.jpg,34,کاروانسراها در گذشته اهمیت داشتند.,train
000304,c8f714ce-8069-4759-855a-b27196cb0980,dataset/000304.jpg,93,یادگیری مادام‌العمر یک ضرورت است.,train
000305,c8f714ce-8069-4759-855a-b27196cb0980,dataset/000305.jpg,17,کودکان آینده جامعه هستند.,train
000306,c8f714ce-8069-4759-855a-b27196cb0980,dataset/000306.jpg,64,تکنولوژی زندگی روزمره را دگرگون کرده است.,train
000307,c8f714ce-8069-4759-855a-b27196cb0980,dataset/000307.jpg,24,صبحانه سالم روز را بهتر آغاز می‌کند.,train
000308,c8f714ce-8069-4759-855a-b27196cb0980,dataset/000308.jpg,6,تاریخ ایران پر از رویدادهای مهم است.,train
000309,c8f714ce-8069-4759-855a-b27196cb0980,dataset/000309.jpg,45,داستان‌های کهن پندآموز هستند.,train
000310,c8f714ce-8069-4759-855a-b27196cb0980,dataset/000310.jpg,46,جاده ابریشم مسیر تجارت بود.,train
000311,c8f714ce-8069-4759-855a-b27196cb0980,dataset/000311.jpg,3,کتابخانه محل آرامش من است.,train
000312,c8f714ce-8069-4759-855a-b27196cb0980,dataset/000312.jpg,50,نور خورشید انرژی زمین است.,train
000313,c8f714ce-8069-4759-855a-b27196cb0980,dataset/000313.jpg,2,امروز هوا بسیار خوب است.,train
000314,c8f714ce-8069-4759-855a-b27196cb0980,dataset/000314.jpg,56,پرسشگری آغاز دانایی است.,train
000315,c8f714ce-8069-4759-855a-b27196cb0980,dataset/000315.jpg,72,نوروز پیام‌آور نو شدن است.,train
000316,c8f714ce-8069-4759-855a-b27196cb0980,dataset/000316.jpg,58,صبر و پشتکار کلید موفقیت است.,train
000317,c8f714ce-8069-4759-855a-b27196cb0980,dataset/000317.jpg,89,پل‌ها شهرها را به هم وصل می‌کنند.,train
000318,c8f714ce-8069-4759-855a-b27196cb0980,dataset/000318.jpg,18,بازار قدیمی هنوز رونق دارد.,train
000319,c8f714ce-8069-4759-855a-b27196cb0980,dataset/000319.jpg,27,موسیقی سنتی ایرانی شنیدنی است.,train
000320,c8f714ce-8069-4759-855a-b27196cb0980,dataset/000320.jpg,28,انقلاب مشروطه نقطه عطفی بود.,train
000321,c8f714ce-8069-4759-855a-b27196cb0980,dataset/000321.jpg,19,رودخانه آرام از میان دره می‌گذرد.,train
000322,c8f714ce-8069-4759-855a-b27196cb0980,dataset/000322.jpg,65,پاسداری از زبان فارسی وظیفه همگانی است.,train
000323,c8f714ce-8069-4759-855a-b27196cb0980,dataset/000323.jpg,21,هنر می‌تواند احساسات را بیان کند.,train
000324,c8f714ce-8069-4759-855a-b27196cb0980,dataset/000324.jpg,70,کوه دماوند نماد ایران است.,train
000325,c8f714ce-8069-4759-855a-b27196cb0980,dataset/000325.jpg,22,پل‌های تاریخی یادگار گذشتگان‌اند.,train
000326,c8f714ce-8069-4759-855a-b27196cb0980,dataset/000326.jpg,96,موج دریا شن‌ها را جابه‌جا می‌کند.,train
000327,c8f714ce-8069-4759-855a-b27196cb0980,dataset/000327.jpg,33,خطاطی هنر زیبایی است.,train
000328,c8f714ce-8069-4759-855a-b27196cb0980,dataset/000328.jpg,41,امنیت اطلاعات بسیار مهم است.,train
000329,c8f714ce-8069-4759-855a-b27196cb0980,dataset/000329.jpg,31,باران بهاری زمین را تازه می‌کند.,train
000330,c8f714ce-8069-4759-855a-b27196cb0980,dataset/000330.jpg,57,همکاری تیمی نتایج بهتری می‌دهد.,train
000331,c8f714ce-8069-4759-855a-b27196cb0980,dataset/000331.jpg,68,هر انسان حق آموزش دارد.,train
000332,c8f714ce-8069-4759-855a-b27196cb0980,dataset/000332.jpg,74,آب و هوا در حال تغییر است.,train
000333,c8f714ce-8069-4759-855a-b27196cb0980,dataset/000333.jpg,80,دانش باید در خدمت انسان باشد.,train
000334,c8f714ce-8069-4759-855a-b27196cb0980,dataset/000334.jpg,36,خواب کافی برای سلامت لازم است.,train
000335,c8f714ce-8069-4759-855a-b27196cb0980,dataset/000335.jpg,79,درخت کهنسال سایه گسترده‌ای دارد.,train
000336,c8f714ce-8069-4759-855a-b27196cb0980,dataset/000336.jpg,63,آسمان صاف نوید روزی آرام است.,train
000337,c8f714ce-8069-4759-855a-b27196cb0980,dataset/000337.jpg,59,فصل پاییز برگ‌ها زرد می‌شوند.,train
000338,c8f714ce-8069-4759-855a-b27196cb0980,dataset/000338.jpg,98,نرم‌افزار آزاد به اشتراک دانش کمک می‌کند.,train
000339,c8f714ce-8069-4759-855a-b27196cb0980,dataset/000339.jpg,9,کوهنوردی در صبح زود انرژی می‌بخشد.,train
000340,c8f714ce-8069-4759-855a-b27196cb0980,dataset/000340.jpg,51,سینما روایتگر قصه‌های انسانی است.,train
000341,c8f714ce-8069-4759-855a-b27196cb0980,dataset/000341.jpg,14,شعر فارسی گنجینه‌ای ارزشمند است.,train
000342,c8f714ce-8069-4759-855a-b27196cb0980,dataset/000342.jpg,99,همدلی جامعه را قوی‌تر می‌کند.,train
000343,c8f714ce-8069-4759-855a-b27196cb0980,dataset/000343.jpg,8,فرهنگ هر ملت در زبان آن زنده می‌ماند.,train
000344,c8f714ce-8069-4759-855a-b27196cb0980,dataset/000344.jpg,39,جشن نوروز هر سال برگزار می‌شود.,train
000345,c8f714ce-8069-4759-855a-b27196cb0980,dataset/000345.jpg,88,دفترچه یادداشت افکار را نگه می‌دارد.,train
000346,c8f714ce-8069-4759-855a-b27196cb0980,dataset/000346.jpg,66,موزه‌ها حافظه جمعی ما هستند.,train
000347,c8f714ce-8069-4759-855a-b27196cb0980,dataset/000347.jpg,11,اینترنت دسترسی به دانش را آسان کرده است.,train
000348,c8f714ce-8069-4759-855a-b27196cb0980,dataset/000348.jpg,15,آب پاکیزه نعمتی بزرگ است.,train
000349,c8f714ce-8069-4759-855a-b27196cb0980,dataset/000349.jpg,42,پیاده‌روی عصرگاهی آرامش می‌آورد.,train
000350,c8f714ce-8069-4759-855a-b27196cb0980,dataset/000350.jpg,81,ابرها باران را با خود می‌آورند.,train
000351,c8f714ce-8069-4759-855a-b27196cb0980,dataset/000351.jpg,61,زمان با ارزش‌ترین دارایی انسان است.,train
000352,c8f714ce-8069-4759-855a-b27196cb0980,dataset/000352.jpg,38,شیمی مطالعه مواد است.,train
000353,c8f714ce-8069-4759-855a-b27196cb0980,dataset/000353.jpg,71,الگوریتم‌ها مسائل را حل می‌کنند.,train
000354,c8f714ce-8069-4759-855a-b27196cb0980,dataset/000354.jpg,20,ریاضیات زبان طبیعت است.,train
000355,c8f714ce-8069-4759-855a-b27196cb0980,dataset/000355.jpg,84,صلح آرزوی همه انسان‌هاست.,train
000356,c8f714ce-8069-4759-855a-b27196cb0980,dataset/000356.jpg,23,برنامه نویسی مهارت مفیدی است.,train
000357,c8f714ce-8069-4759-855a-b27196cb0980,dataset/000357.jpg,35,داده‌ها باید با دقت ذخیره شوند.,train
000358,c8f714ce-8069-4759-855a-b27196cb0980,dataset/000358.jpg,87,آزمایشگاه محل کشف‌های تازه است.,train
000359,c8f714ce-8069-4759-855a-b27196cb0980,dataset/000359.jpg,91,سیستم‌های هوشمند تصمیم‌گیری را یاری می‌کنند.,train
000360,c8f714ce-8069-4759-855a-b27196cb0980,dataset/000360.jpg,67,محیط زیست نیازمند مراقبت است.,train
000361,c8f714ce-8069-4759-855a-b27196cb0980,dataset/000361.jpg,4,پرندگان در بهار آواز می‌خوانند.,train
000362,c8f714ce-8069-4759-855a-b27196cb0980,dataset/000362.jpg,94,صبح زود بهترین زمان مطالعه است.,train
000363,c8f714ce-8069-4759-855a-b27196cb0980,dataset/000363.jpg,95,قهوه تلخ انرژی صبحگاهی می‌دهد.,train
000364,c8f714ce-8069-4759-855a-b27196cb0980,dataset/000364.jpg,90,باد خنک صورت را نوازش می‌دهد.,train
000365,c8f714ce-8069-4759-855a-b27196cb0980,dataset/000365.jpg,25,درختان اکسیژن تولید می‌کنند.,train
000366,c8f714ce-8069-4759-855a-b27196cb0980,dataset/000366.jpg,47,ربات‌ها کارهای تکراری را انجام می‌دهند.,train
000367,c8f714ce-8069-4759-855a-b27196cb0980,dataset/000367.jpg,10,دانشگاه محل تبادل اندیشه است.,train
000368,c8f714ce-8069-4759-855a-b27196cb0980,dataset/000368.jpg,13,ستاره‌ها در شب می‌درخشند.,train
000369,c8f714ce-8069-4759-855a-b27196cb0980,dataset/000369.jpg,52,آثار باستانی باید محافظت شوند.,train
000370,c8f714ce-8069-4759-855a-b27196cb0980,dataset/000370.jpg,97,شعله شمع در باد می‌لرزد.,train
000371,c8f714ce-8069-4759-855a-b27196cb0980,dataset/000371.jpg,77,نقاشی مینیاتور ظرافت خاصی دارد.,train
000372,c8f714ce-8069-4759-855a-b27196cb0980,dataset/000372.jpg,53,یادگیری زبان جدید ذهن را فعال می‌کند.,train
000373,c8f714ce-8069-4759-855a-b27196cb0980,dataset/000373.jpg,75,شهرها به فضای سبز نیاز دارند.,train
000374,c8f714ce-8069-4759-855a-b27196cb0980,dataset/000374.jpg,29,هوش مصنوعی در پزشکی کاربرد دارد.,train
000375,c8f714ce-8069-4759-855a-b27196cb0980,dataset/000375.jpg,37,کویر در شب بسیار زیباست.,train
000376,c8f714ce-8069-4759-855a-b27196cb0980,dataset/000376.jpg,86,شب‌های تابستان طولانی‌تر به نظر می‌رسند.,train
000377,c8f714ce-8069-4759-855a-b27196cb0980,dataset/000377.jpg,73,خط میخی از خطوط کهن است.,train
000378,c8f714ce-8069-4759-855a-b27196cb0980,dataset/000378.jpg,32,فیزیک قوانین حرکت را توضیح می‌دهد.,train
000379,c8f714ce-8069-4759-855a-b27196cb0980,dataset/000379.jpg,69,خنده بهترین دارو است.,train
000380,c8f714ce-8069-4759-855a-b27196cb0980,dataset/000380.jpg,62,کتاب خوب دوست وفاداری است.,train
000381,c8f714ce-8069-4759-855a-b27196cb0980,dataset/000381.jpg,83,قصه‌های مادربزرگ خاطره‌انگیزند.,train
000382,c8f714ce-8069-4759-855a-b27196cb0980,dataset/000382.jpg,48,نان تازه بوی خوبی دارد.,train
000383,c8f714ce-8069-4759-855a-b27196cb0980,dataset/000383.jpg,40,ساسانیان یکی از سلسله‌های ایران بودند.,train
000384,c8f714ce-8069-4759-855a-b27196cb0980,dataset/000384.jpg,49,دریا موج‌های بلندی دارد.,train
000385,c8f714ce-8069-4759-855a-b27196cb0980,dataset/000385.jpg,55,نقشه راه پژوهش باید روشن باشد.,train
000386,c8f714ce-8069-4759-855a-b27196cb0980,dataset/000386.jpg,43,گل‌ها در باغچه شکفته‌اند.,train
000387,c8f714ce-8069-4759-855a-b27196cb0980,dataset/000387.jpg,85,مقدار کمی نمک طعم غذا را بهتر می‌کند.,train
000388,c8f714ce-8069-4759-855a-b27196cb0980,dataset/000388.jpg,5,چای داغ در عصر پاییزی لذت‌بخش است.,train
000389,c8f714ce-8069-4759-855a-b27196cb0980,dataset/000389.jpg,12,باید هر روز کمی ورزش کنیم.,train
000390,c8f714ce-8069-4759-855a-b27196cb0980,dataset/000390.jpg,54,معلم خوب الهام‌بخش شاگردان است.,train
000391,c8f714ce-8069-4759-855a-b27196cb0980,dataset/000391.jpg,30,دوستی واقعی در سختی‌ها شناخته می‌شود.,train
000392,c8f714ce-8069-4759-855a-b27196cb0980,dataset/000392.jpg,60,آینه حقیقت را بازمی‌تاباند.,train
