sentence_id,text
000001,من به یادگیری هوش مصنوعی علاقه دارم.
000002,امروز هوا بسیار خوب است.
000003,کتابخانه محل آرامش من است.
000004,پرندگان در بهار آواز می‌خوانند.
000005,چای داغ در عصر پاییزی لذت‌بخش است.
000006,تاریخ ایران پر از رویدادهای مهم است.
000007,علم راه رسیدن به حقیقت را هموار می‌کند.
000008,فرهنگ هر ملت در زبان آن زنده می‌ماند.
000009,کوهنوردی در صبح زود انرژی می‌بخشد.
000010,دانشگاه محل تبادل اندیشه است.
000011,اینترنت دسترسی به دانش را آسان کرده است.
000012,باید هر روز کمی ورزش کنیم.
000013,ستاره‌ها در شب می‌درخشند.
000014,شعر فارسی گنجینه‌ای ارزشمند است.
000015,آب پاکیزه نعمتی بزرگ است.
000016,نوآوری بدون پشتکار ممکن نیست.
000017,کودکان آینده جامعه هستند.
000018,بازار قدیمی هنوز رونق دارد.
000019,رودخانه آرام از میان دره می‌گذرد.
000020,ریاضیات زبان طبیعت است.
000021,هنر می‌تواند احساسات را بیان کند.
000022,پل‌های تاریخی یادگار گذشتگان‌اند.
000023,برنامه نویسی مهارت مفیدی است.
000024,صبحانه سالم روز را بهتر آغاز می‌کند.
000025,درختان اکسیژن تولید می‌کنند.
000026,آزمایش دقیق اساس علم است.
000027,موسیقی سنتی ایرانی شنیدنی است.
000028,انقلاب مشروطه نقطه عطفی بود.
000029,هوش مصنوعی در پزشکی کاربرد دارد.
000030,دوستی واقعی در سختی‌ها شناخته می‌شود.
000031,باران بهاری زمین را تازه می‌کند.
000032,فیزیک قوانین حرکت را توضیح می‌دهد.
000033,خطاطی هنر زیبایی است.
000034,کاروانسراها در گذشته اهمیت داشتند.
000035,داده‌ها باید با دقت ذخیره شوند.
000036,خواب کافی برای سلامت لازم است.
000037,کویر در شب بسیار زیباست.
000038,شیمی مطالعه مواد است.
000039,جشن نوروز هر سال برگزار می‌شود.
000040,ساسانیان یکی از سلسله‌های ایران بودند.
000041,امنیت اطلاعات بسیار مهم است.
000042,پیاده‌روی عصرگاهی آرامش می‌آورد.
000043,گل‌ها در باغچه شکفته‌اند.
000044,زیست‌شناسی زندگی را مطالعه می‌کند.
000045,داستان‌های کهن پندآموز هستند.
000046,جاده ابریشم مسیر تجارت بود.
000047,ربات‌ها کارهای تکراری را انجام می‌دهند.
000048,نان تازه بوی خوبی دارد.
000049,دریا موج‌های بلندی دارد.
000050,نور خورشید انرژی زمین است.
000051,سینما روایتگر قصه‌های انسانی است.
000052,آثار باستانی باید محافظت شوند.
000053,یادگیری زبان جدید ذهن را فعال می‌کند.
000054,معلم خوب الهام‌بخش شاگردان است.
000055,نقشه راه پژوهش باید روشن باشد.
000056,پرسشگری آغاز دانایی است.
000057,همکاری تیمی نتایج بهتری می‌دهد.
000058,صبر و پشتکار کلید موفقیت است.
000059,فصل پاییز برگ‌ها زرد می‌شوند.
000060,آینه حقیقت را بازمی‌تاباند.
000061,زمان با ارزش‌ترین دارایی انسان است.
000062,کتاب خوب دوست وفاداری است.
000063,آسمان صاف نوید روزی آرام است.
000064,تکنولوژی زندگی روزمره را دگرگون کرده است.
000065,پاسداری از زبان فارسی وظیفه همگانی است.
000066,موزه‌ها حافظه جمعی ما هستند.
000067,محیط زیست نیازمند مراقبت است.
000068,هر انسان حق آموزش دارد.
000069,خنده بهترین دارو است.
000070,کوه دماوند نماد ایران است.
000071,الگوریتم‌ها مسائل را حل می‌کنند.
000072,نوروز پیام‌آور نو شدن است.
000073,خط میخی از خطوط کهن است.
000074,آب و هوا در حال تغییر است.
000075,شهرها به فضای سبز نیاز دارند.
000076,پرواز پرندگان الهام‌بخش مهندسان شد.
000077,نقاشی مینیاتور ظرافت خاصی دارد.
000078,بازارچه محلی محصولات تازه دارد.
000079,درخت کهنسال سایه گسترده‌ای دارد.
000080,دانش باید در خدمت انسان باشد.
000081,ابرها باران را با خود می‌آورند.
000082,کد تمیز نگهداری پروژه را آسان می‌کند.
000083,قصه‌های مادربزرگ خاطره‌انگیزند.
000084,صلح آرزوی همه انسان‌هاست.
000085,مقدار کمی نمک طعم غذا را بهتر می‌کند.
000086,شب‌های تابستان طولانی‌تر به نظر می‌رسند.
000087,آزمایشگاه محل کشف‌های تازه است.
000088,دفترچه یادداشت افکار را نگه می‌دارد.
000089,پل‌ها شهرها را به هم وصل می‌کنند.
000090,باد خنک صورت را نوازش می‌دهد.
000091,سیستم‌های هوشمند تصمیم‌گیری را یاری می‌کنند.
000092,گنجینه‌های خطی باید دیجیتال شوند.
000093,یادگیری مادام‌العمر یک ضرورت است.
000094,صبح زود بهترین زمان مطالعه است.
000095,قهوه تلخ انرژی صبحگاهی می‌دهد.
000096,موج دریا شن‌ها را جابه‌جا می‌کند.
000097,شعله شمع در باد می‌لرزد.
000098,نرم‌افزار آزاد به اشتراک دانش کمک می‌کند.
000099,همدلی جامعه را قوی‌تر می‌کند.
000100,آینده از آن کسانی است که امروز می‌کوشند.
000101,صبح با صدای گنجشک‌ها آغاز شد.
000102,دانش‌آموزان با دقت به سخنان معلم گوش دادند.
000103,باران شدید خیابان‌های شهر را خیس کرد.
000104,هر تجربه‌ای می‌تواند درس تازه‌ای به ما بیاموزد.
000105,مسافران در ایستگاه منتظر قطار بودند.
000106,پژوهشگران برای حل این مسئله تلاش می‌کنند.
000107,پنجره اتاق رو به باغ باز می‌شود.
000108,کتاب‌های قدیمی اطلاعات ارزشمندی در خود دارند.
000109,آرامش واقعی از درون انسان آغاز می‌شود.
000110,رایانه‌ها بسیاری از کارها را سریع‌تر انجام می‌دهند.
000111,آسمان شب پر از ستاره‌های درخشان بود.
000112,هر تصمیمی می‌تواند آینده ما را تغییر دهد.
000113,مسیر موفقیت همیشه کوتاه و آسان نیست.
000114,کشاورزان زمین‌ها را برای فصل جدید آماده کردند.
000115,صدای رودخانه در سکوت شب شنیده می‌شد.
000116,تجربه بهترین معلم زندگی است.
000117,فناوری فرصت‌های تازه‌ای برای آموزش ایجاد کرده است.
000118,هر کتاب پنجره‌ای به سوی دنیایی تازه است.
000119,گفت‌وگو می‌تواند بسیاری از مشکلات را حل کند.
000120,آفتاب از پشت ابرها آرام‌آرام نمایان شد.
000121,دانش بدون عمل ارزش چندانی ندارد.
000122,پرندگان روی شاخه‌های درخت نشسته بودند.
000123,شهروندان باید از محیط زیست محافظت کنند.
000124,پیشرفت نتیجه تلاش‌های کوچک و مداوم است.
000125,بوی نان تازه در کوچه پیچیده بود.
000126,یک لبخند ساده می‌تواند روز کسی را تغییر دهد.
000127,پژوهش علمی به پرسش‌های دقیق نیاز دارد.
000128,هر مسئله راه‌حلی مناسب برای خود دارد.
000129,جوانان نقش مهمی در آینده کشور دارند.
000130,مادربزرگ خاطرات شیرین گذشته را تعریف کرد.
000131,باد برگ‌های خشک را در حیاط پراکنده کرد.
000132,رنگ‌های پاییزی زیبایی خاصی به طبیعت می‌دهند.
000133,یادداشت کردن ایده‌ها به نظم ذهن کمک می‌کند.
000134,گروه ما برای مسابقه آماده می‌شود.
000135,هوای پاک برای زندگی سالم ضروری است.
000136,دریا در هنگام غروب رنگی تماشایی دارد.
000137,هر روز فرصتی برای یادگیری چیزهای تازه است.
000138,کتابخانه دانشگاه منابع علمی فراوانی دارد.
000139,مهندسان پل جدیدی روی رودخانه ساختند.
000140,پشتکار گاهی از استعداد مهم‌تر است.
000141,مسئولیت‌پذیری نشانه بلوغ فکری است.
000142,باران آرام روی شیشه پنجره می‌بارید.
000143,صدای موسیقی فضای خانه را دلنشین کرد.
000144,پرسیدن سؤال نشانه نادانی نیست.
000145,تغییرهای بزرگ از قدم‌های کوچک آغاز می‌شوند.
000146,دقت در کار از بسیاری از اشتباهات جلوگیری می‌کند.
000147,دوستان خوب در لحظه‌های سخت کنار ما می‌مانند.
000148,هر کشور تاریخ و فرهنگ ویژه خود را دارد.
000149,صبحانه کامل انرژی لازم برای روز را فراهم می‌کند.
000150,آینده فناوری به خلاقیت انسان وابسته است.
000151,ماه کامل بر سطح آرام دریا می‌تابید.
000152,دانشمندان برای کشف حقیقت آزمایش‌های مختلفی انجام می‌دهند.
000153,آموزش مناسب می‌تواند زندگی انسان را تغییر دهد.
000154,هر داستانی پیامی برای خواننده دارد.
000155,مسیر کوهستانی در میان درختان ادامه پیدا می‌کرد.
000156,آگاهی از گذشته به ساختن آینده کمک می‌کند.
000157,یک برنامه خوب باید ساده و قابل فهم باشد.
000158,اطلاعات دقیق پایه تصمیم‌گیری درست است.
000159,کودکان با بازی کردن چیزهای زیادی یاد می‌گیرند.
000160,زندگی بدون هدف مانند سفر بدون نقشه است.
000161,رنگ آبی آرامش خاصی به محیط می‌دهد.
000162,صدای باران خاطرات دوران کودکی را زنده کرد.
000163,هر زبان جهان‌بینی خاصی را در خود جای داده است.
000164,ساختن آینده به تصمیم‌های امروز ما بستگی دارد.
000165,درختان قدیمی داستان‌های بسیاری برای گفتن دارند.
000166,مسافر از دیدن منظره زیبای کوهستان شگفت‌زده شد.
000167,تمرکز هنگام مطالعه باعث افزایش یادگیری می‌شود.
000168,یک ایده خوب می‌تواند آغاز یک پروژه بزرگ باشد.
000169,پژوهشگران داده‌ها را با دقت بررسی کردند.
000170,مهربانی هیچ‌گاه از ارزش انسان کم نمی‌کند.
000171,زمستان امسال سرمای شدیدی به همراه داشت.
000172,گل‌های باغ پس از باران تازه و شاداب شدند.
000173,هر مهارتی با تمرین مداوم بهتر می‌شود.
000174,دوربین تصاویر زیبایی از طبیعت ثبت کرد.
000175,تاریخ نشان می‌دهد که هیچ چیزی همیشگی نیست.
000176,راه‌های زیادی برای رسیدن به یک هدف وجود دارد.
000177,همه انسان‌ها شایسته احترام و فرصت برابر هستند.
000178,رودخانه از کنار روستای کوچک عبور می‌کرد.
000179,کار گروهی نیازمند اعتماد و مسئولیت‌پذیری است.
000180,مطالعه منظم دایره واژگان را افزایش می‌دهد.
000181,صدای زنگ مدرسه در حیاط پیچید.
000182,هوا پس از بارش باران خنک و پاکیزه شد.
000183,هر اشتباه فرصتی برای بهتر شدن است.
000184,دانشگاه‌ها نقش مهمی در پیشرفت علمی دارند.
000185,یک سؤال خوب می‌تواند آغاز یک کشف بزرگ باشد.
000186,خورشید از پشت کوه‌ها طلوع کرد.
000187,زندگی در شهرهای بزرگ چالش‌های خاص خود را دارد.
000188,هنرمند با دقت جزئیات تصویر را طراحی کرد.
000189,اطمینان از منابع برای پژوهش علمی ضروری است.
000190,هر انسان داستانی متفاوت برای گفتن دارد.
000191,صدای پرندگان فضای باغ را پر کرده بود.
000192,فکر کردن پیش از تصمیم‌گیری از اشتباهات جلوگیری می‌کند.
000193,آینده متعلق به کسانی است که برای آن آماده می‌شوند.
000194,یک تیم موفق از همکاری اعضای خود نیرو می‌گیرد.
000195,کتاب‌های علمی دید ما را نسبت به جهان تغییر می‌دهند.
000196,زندگی سالم به تغذیه مناسب و فعالیت بدنی نیاز دارد.
000197,گاهی یک تغییر کوچک نتیجه بزرگی ایجاد می‌کند.
000198,هر روز می‌توانیم چیزی تازه درباره جهان بیاموزیم.
000199,تلاش امروز پایه موفقیت فرداست.
000200,هیچ راهی بدون نخستین قدم به مقصد نمی‌رسد.
000201,صبح زود آغاز خوبی برای روز بود.
000202,یک فنجان چای فضای آرامی ایجاد کرد.
000203,میز آشپزخانه در جای مناسبی قرار داشت.
000204,اتاق کوچک به نظم بیشتر کمک کرد.
000205,دفترچه یادداشت خاطره‌ای شیرین ساخت.
000206,کیف مدرسه برای کارهای روزانه مفید بود.
000207,چراغ مطالعه توجه همه را جلب کرد.
000208,صبحانه سالم انرژی لازم را فراهم کرد.
000209,صدای زنگ سکوت خانه را شکست.
000210,خانه قدیمی حال‌وهوای خاصی داشت.
000211,یک روز آرام آغاز خوبی برای روز بود.
000212,مهمانان عصر فضای آرامی ایجاد کرد.
000213,لباس‌های شسته‌شده در جای مناسبی قرار داشت.
000214,کلیدهای خانه به نظم بیشتر کمک کرد.
000215,فهرست خرید خاطره‌ای شیرین ساخت.
000216,دوستان قدیمی برای کارهای روزانه مفید بود.
000217,صدای خنده توجه همه را جلب کرد.
000218,پنجره باز انرژی لازم را فراهم کرد.
000219,یک صندلی خالی سکوت خانه را شکست.
000220,غذای تازه حال‌وهوای خاصی داشت.
000221,برنامه روزانه آغاز خوبی برای روز بود.
000222,سفر فردا فضای آرامی ایجاد کرد.
000223,کودک خواب‌آلود در جای مناسبی قرار داشت.
000224,میز مرتب به نظم بیشتر کمک کرد.
000225,چراغ‌های خانه خاطره‌ای شیرین ساخت.
000226,یک یادداشت کوتاه برای کارهای روزانه مفید بود.
000227,همسایه جدید توجه همه را جلب کرد.
000228,صبح تعطیل انرژی لازم را فراهم کرد.
000229,کتاب روی میز سکوت خانه را شکست.
000230,حیاط کوچک حال‌وهوای خاصی داشت.
000231,خرید روزانه آغاز خوبی برای روز بود.
000232,یک فنجان آب فضای آرامی ایجاد کرد.
000233,صدای تلفن در جای مناسبی قرار داشت.
000234,لباس زمستانی به نظم بیشتر کمک کرد.
000235,میزبان مهربان خاطره‌ای شیرین ساخت.
000236,روز شلوغ برای کارهای روزانه مفید بود.
000237,یک کیف سبک توجه همه را جلب کرد.
000238,اتاق روشن انرژی لازم را فراهم کرد.
000239,غروب آرام سکوت خانه را شکست.
000240,صبح بارانی حال‌وهوای خاصی داشت.
000241,مهمان ناخوانده آغاز خوبی برای روز بود.
000242,یک هدیه ساده فضای آرامی ایجاد کرد.
000243,خانه مادربزرگ در جای مناسبی قرار داشت.
000244,ساعت دیواری به نظم بیشتر کمک کرد.
000245,یک تصمیم تازه خاطره‌ای شیرین ساخت.
000246,روز کاری برای کارهای روزانه مفید بود.
000247,صبحانه خانوادگی توجه همه را جلب کرد.
000248,یک صندلی چوبی انرژی لازم را فراهم کرد.
000249,دفتر کار سکوت خانه را شکست.
000250,شب آرام حال‌وهوای خاصی داشت.
000251,آزمایش جدید به بررسی دقیق نیاز دارد.
000252,آب خالص نقش مهمی در طبیعت دارد.
000253,سلول زنده با روش‌های مختلف مطالعه می‌شود.
000254,نور خورشید می‌تواند اطلاعات ارزشمندی ارائه دهد.
000255,داده‌های آزمایش در شرایط مشخص تغییر می‌کند.
000256,جاذبه زمین به فهم بهتر جهان کمک می‌کند.
000257,گیاه سبز با ابزارهای دقیق اندازه‌گیری می‌شود.
000258,میکروسکوپ دقیق موضوع پژوهش‌های فراوانی است.
000259,فشار هوا با عوامل گوناگون ارتباط دارد.
000260,مغز انسان هر روز اطلاعات تازه‌ای درباره آن به دست می‌آید.
000261,انرژی خورشیدی به بررسی دقیق نیاز دارد.
000262,مواد شیمیایی نقش مهمی در طبیعت دارد.
000263,سطح زمین با روش‌های مختلف مطالعه می‌شود.
000264,پژوهش علمی می‌تواند اطلاعات ارزشمندی ارائه دهد.
000265,دمای محیط در شرایط مشخص تغییر می‌کند.
000266,واکنش شیمیایی به فهم بهتر جهان کمک می‌کند.
000267,مدل علمی با ابزارهای دقیق اندازه‌گیری می‌شود.
000268,نمونه آزمایشگاهی موضوع پژوهش‌های فراوانی است.
000269,رعدوبرق با عوامل گوناگون ارتباط دارد.
000270,ماه کامل هر روز اطلاعات تازه‌ای درباره آن به دست می‌آید.
000271,فسیل قدیمی به بررسی دقیق نیاز دارد.
000272,صدای بلند نقش مهمی در طبیعت دارد.
000273,باکتری‌های مفید با روش‌های مختلف مطالعه می‌شود.
000274,تغییرات اقلیمی می‌تواند اطلاعات ارزشمندی ارائه دهد.
000275,نمونه‌های پژوهش در شرایط مشخص تغییر می‌کند.
000276,تلسکوپ بزرگ به فهم بهتر جهان کمک می‌کند.
000277,واحد اندازه‌گیری با ابزارهای دقیق اندازه‌گیری می‌شود.
000278,خطای آزمایش موضوع پژوهش‌های فراوانی است.
000279,مغناطیس با عوامل گوناگون ارتباط دارد.
000280,هوای پاک هر روز اطلاعات تازه‌ای درباره آن به دست می‌آید.
000281,چرخه آب به بررسی دقیق نیاز دارد.
000282,فتوسنتز گیاهان نقش مهمی در طبیعت دارد.
000283,داده‌های علمی با روش‌های مختلف مطالعه می‌شود.
000284,حرکت جسم می‌تواند اطلاعات ارزشمندی ارائه دهد.
000285,نور سفید در شرایط مشخص تغییر می‌کند.
000286,آزمایشگاه دانشگاه به فهم بهتر جهان کمک می‌کند.
000287,کشف تازه با ابزارهای دقیق اندازه‌گیری می‌شود.
000288,نظریه علمی موضوع پژوهش‌های فراوانی است.
000289,لایه‌های زمین با عوامل گوناگون ارتباط دارد.
000290,مواد طبیعی هر روز اطلاعات تازه‌ای درباره آن به دست می‌آید.
000291,پژوهشگران جوان به بررسی دقیق نیاز دارد.
000292,انرژی الکتریکی نقش مهمی در طبیعت دارد.
000293,محیط کنترل‌شده با روش‌های مختلف مطالعه می‌شود.
000294,اندازه‌گیری دقیق می‌تواند اطلاعات ارزشمندی ارائه دهد.
000295,پدیده طبیعی در شرایط مشخص تغییر می‌کند.
000296,فرایند زیستی به فهم بهتر جهان کمک می‌کند.
000297,ساختار ماده با ابزارهای دقیق اندازه‌گیری می‌شود.
000298,پرسش علمی موضوع پژوهش‌های فراوانی است.
000299,نتیجه آزمایش با عوامل گوناگون ارتباط دارد.
000300,علم جدید هر روز اطلاعات تازه‌ای درباره آن به دست می‌آید.
000301,رایانه شخصی به طراحی دقیق نیاز دارد.
000302,الگوریتم سریع می‌تواند سرعت کار را افزایش دهد.
000303,پایگاه داده برای پردازش اطلاعات استفاده می‌شود.
000304,هوش مصنوعی نقش مهمی در دنیای امروز دارد.
000305,برنامه‌نویس جوان با داده‌های مناسب عملکرد بهتری خواهد داشت.
000306,شبکه رایانه‌ای باید به‌طور منظم آزمایش شود.
000307,رمز عبور قوی می‌تواند بسیاری از کارها را ساده‌تر کند.
000308,نرم‌افزار آزاد به همکاری میان انسان و ماشین کمک می‌کند.
000309,پردازنده جدید با روش‌های جدید دائماً پیشرفت می‌کند.
000310,پشتیبان‌گیری منظم برای حل مسائل پیچیده به کار می‌رود.
000311,یادگیری ماشین به طراحی دقیق نیاز دارد.
000312,کد خوانا می‌تواند سرعت کار را افزایش دهد.
000313,رابط کاربری برای پردازش اطلاعات استفاده می‌شود.
000314,سرور مرکزی نقش مهمی در دنیای امروز دارد.
000315,داده آموزشی با داده‌های مناسب عملکرد بهتری خواهد داشت.
000316,برنامه کاربردی باید به‌طور منظم آزمایش شود.
000317,نسخه جدید می‌تواند بسیاری از کارها را ساده‌تر کند.
000318,امنیت سایبری به همکاری میان انسان و ماشین کمک می‌کند.
000319,رایانش ابری با روش‌های جدید دائماً پیشرفت می‌کند.
000320,ربات هوشمند برای حل مسائل پیچیده به کار می‌رود.
000321,توسعه‌دهنده باتجربه به طراحی دقیق نیاز دارد.
000322,رابط برنامه‌نویسی می‌تواند سرعت کار را افزایش دهد.
000323,ساختار داده برای پردازش اطلاعات استفاده می‌شود.
000324,مدل زبانی نقش مهمی در دنیای امروز دارد.
000325,پروژه بزرگ با داده‌های مناسب عملکرد بهتری خواهد داشت.
000326,خطای کوچک باید به‌طور منظم آزمایش شود.
000327,آزمایش نرم‌افزار می‌تواند بسیاری از کارها را ساده‌تر کند.
000328,داده حساس به همکاری میان انسان و ماشین کمک می‌کند.
000329,شبکه عصبی با روش‌های جدید دائماً پیشرفت می‌کند.
000330,مسئله پیچیده برای حل مسائل پیچیده به کار می‌رود.
000331,سرعت اینترنت به طراحی دقیق نیاز دارد.
000332,موتور جست‌وجو می‌تواند سرعت کار را افزایش دهد.
000333,دوربین دیجیتال برای پردازش اطلاعات استفاده می‌شود.
000334,مدل هوش مصنوعی نقش مهمی در دنیای امروز دارد.
000335,ورودی غیرمنتظره با داده‌های مناسب عملکرد بهتری خواهد داشت.
000336,مستندات پروژه باید به‌طور منظم آزمایش شود.
000337,سیستم هوشمند می‌تواند بسیاری از کارها را ساده‌تر کند.
000338,پروتکل ارتباطی به همکاری میان انسان و ماشین کمک می‌کند.
000339,فناوری جدید با روش‌های جدید دائماً پیشرفت می‌کند.
000340,پایگاه داده رابطه‌ای برای حل مسائل پیچیده به کار می‌رود.
000341,کامپایلر زبان به طراحی دقیق نیاز دارد.
000342,کد منبع می‌تواند سرعت کار را افزایش دهد.
000343,محصول نرم‌افزاری برای پردازش اطلاعات استفاده می‌شود.
000344,مدل یادگیری نقش مهمی در دنیای امروز دارد.
000345,پروژه گروهی با داده‌های مناسب عملکرد بهتری خواهد داشت.
000346,الگوریتم بهینه باید به‌طور منظم آزمایش شود.
000347,مهندسی نرم‌افزار می‌تواند بسیاری از کارها را ساده‌تر کند.
000348,داده باکیفیت به همکاری میان انسان و ماشین کمک می‌کند.
000349,سیستم عامل با روش‌های جدید دائماً پیشرفت می‌کند.
000350,آینده فناوری برای حل مسائل پیچیده به کار می‌رود.
000351,یادگیری واقعی با تمرین مداوم بهتر می‌شود.
000352,دانش‌آموز کوشا به تمرکز و صبر نیاز دارد.
000353,تمرین منظم می‌تواند دید انسان را گسترده‌تر کند.
000354,معلم باتجربه به درک بهتر مفاهیم کمک می‌کند.
000355,مطالعه عمیق فرصت تازه‌ای برای رشد ایجاد می‌کند.
000356,یادداشت‌برداری دقیق با پرسشگری و کنجکاوی آغاز می‌شود.
000357,یک سؤال خوب نیازمند زمان و تلاش کافی است.
000358,دانشگاه بزرگ به تجربه‌های تازه منجر می‌شود.
000359,کتاب آموزشی مهارتی ارزشمند برای آینده است.
000360,اشتباه کوچک با بازخورد مناسب پیشرفت می‌کند.
000361,مطالعه گروهی با تمرین مداوم بهتر می‌شود.
000362,مهارت عملی به تمرکز و صبر نیاز دارد.
000363,روش یادگیری می‌تواند دید انسان را گسترده‌تر کند.
000364,برنامه مطالعه به درک بهتر مفاهیم کمک می‌کند.
000365,زبان جدید فرصت تازه‌ای برای رشد ایجاد می‌کند.
000366,پژوهشگر جوان با پرسشگری و کنجکاوی آغاز می‌شود.
000367,دانش نظری نیازمند زمان و تلاش کافی است.
000368,گفت‌وگوی علمی به تجربه‌های تازه منجر می‌شود.
000369,مطالعه روزانه مهارتی ارزشمند برای آینده است.
000370,آموزش باکیفیت با بازخورد مناسب پیشرفت می‌کند.
000371,هدف مشخص با تمرین مداوم بهتر می‌شود.
000372,محیط آرام به تمرکز و صبر نیاز دارد.
000373,بازخورد سازنده می‌تواند دید انسان را گسترده‌تر کند.
000374,کتابخانه عمومی به درک بهتر مفاهیم کمک می‌کند.
000375,دانش‌آموز خلاق فرصت تازه‌ای برای رشد ایجاد می‌کند.
000376,پژوهش علمی با پرسشگری و کنجکاوی آغاز می‌شود.
000377,یادگیری مادام‌العمر نیازمند زمان و تلاش کافی است.
000378,کلاس آنلاین به تجربه‌های تازه منجر می‌شود.
000379,مهارت تازه مهارتی ارزشمند برای آینده است.
000380,تفکر انتقادی با بازخورد مناسب پیشرفت می‌کند.
000381,تجربه عملی با تمرین مداوم بهتر می‌شود.
000382,پرسش دشوار به تمرکز و صبر نیاز دارد.
000383,برنامه آموزشی می‌تواند دید انسان را گسترده‌تر کند.
000384,مهارت نوشتن به درک بهتر مفاهیم کمک می‌کند.
000385,منبع معتبر فرصت تازه‌ای برای رشد ایجاد می‌کند.
000386,آزمون آموزشی با پرسشگری و کنجکاوی آغاز می‌شود.
000387,مطالعه منظم نیازمند زمان و تلاش کافی است.
000388,کلاس درس به تجربه‌های تازه منجر می‌شود.
000389,یادگیری موفق مهارتی ارزشمند برای آینده است.
000390,دانش جدید با بازخورد مناسب پیشرفت می‌کند.
000391,تمرین روزانه با تمرین مداوم بهتر می‌شود.
000392,حل مسئله به تمرکز و صبر نیاز دارد.
000393,مطالعه مستقل می‌تواند دید انسان را گسترده‌تر کند.
000394,استاد دانشگاه به درک بهتر مفاهیم کمک می‌کند.
000395,پژوهش دقیق فرصت تازه‌ای برای رشد ایجاد می‌کند.
000396,آموزش عمومی با پرسشگری و کنجکاوی آغاز می‌شود.
000397,کتاب خوب نیازمند زمان و تلاش کافی است.
000398,تلاش مداوم به تجربه‌های تازه منجر می‌شود.
000399,یادگیرنده کنجکاو مهارتی ارزشمند برای آینده است.
000400,آینده آموزشی با بازخورد مناسب پیشرفت می‌کند.
000401,نسیم صبحگاهی منظره‌ای تماشایی ایجاد کرد.
000402,خورشید تابستانی فضای اطراف را زیباتر کرد.
000403,پرنده کوچک آرامش خاصی به محیط بخشید.
000404,رودخانه آرام نشانه‌ای از تغییر فصل بود.
000405,باران پاییزی زیبایی طبیعت را نشان می‌داد.
000406,کوهستان مه‌آلود توجه عکاسان را جلب کرد.
000407,گل‌های رنگارنگ صدایی دلنشین در فضا ایجاد کرد.
000408,موج‌های دریا تغییرات جالبی در محیط ایجاد کرد.
000409,برگ‌های زرد بخشی از چرخه طبیعی زندگی است.
000410,آسمان صاف برای بسیاری از موجودات اهمیت دارد.
000411,جنگل سرسبز منظره‌ای تماشایی ایجاد کرد.
000412,ماه کامل فضای اطراف را زیباتر کرد.
000413,آبشار بلند آرامش خاصی به محیط بخشید.
000414,صبح مه‌آلود نشانه‌ای از تغییر فصل بود.
000415,گل سرخ زیبایی طبیعت را نشان می‌داد.
000416,ابرهای سفید توجه عکاسان را جلب کرد.
000417,غروب نارنجی صدایی دلنشین در فضا ایجاد کرد.
000418,باد شدید تغییرات جالبی در محیط ایجاد کرد.
000419,چشمه زلال بخشی از چرخه طبیعی زندگی است.
000420,درختان بهاری برای بسیاری از موجودات اهمیت دارد.
000421,صدای جیرجیرک منظره‌ای تماشایی ایجاد کرد.
000422,دشت وسیع فضای اطراف را زیباتر کرد.
000423,قله برفی آرامش خاصی به محیط بخشید.
000424,خاک خیس نشانه‌ای از تغییر فصل بود.
000425,شن‌های ساحل زیبایی طبیعت را نشان می‌داد.
000426,پرستوهای مهاجر توجه عکاسان را جلب کرد.
000427,دریاچه آرام صدایی دلنشین در فضا ایجاد کرد.
000428,گل‌های وحشی تغییرات جالبی در محیط ایجاد کرد.
000429,رعدوبرق شبانه بخشی از چرخه طبیعی زندگی است.
000430,ساحل خلوت برای بسیاری از موجودات اهمیت دارد.
000431,باد پاییزی منظره‌ای تماشایی ایجاد کرد.
000432,پروانه زیبا فضای اطراف را زیباتر کرد.
000433,آسمان کویر آرامش خاصی به محیط بخشید.
000434,آبشار کوچک نشانه‌ای از تغییر فصل بود.
000435,درخت کهنسال زیبایی طبیعت را نشان می‌داد.
000436,رنگ‌های بهاری توجه عکاسان را جلب کرد.
000437,صدای پرندگان صدایی دلنشین در فضا ایجاد کرد.
000438,ابرهای تیره تغییرات جالبی در محیط ایجاد کرد.
000439,نسیم عصرگاهی بخشی از چرخه طبیعی زندگی است.
000440,کوه‌های دور برای بسیاری از موجودات اهمیت دارد.
000441,باران بهاری منظره‌ای تماشایی ایجاد کرد.
000442,برکه کوچک فضای اطراف را زیباتر کرد.
000443,آفتاب زمستانی آرامش خاصی به محیط بخشید.
000444,جنگل بلند نشانه‌ای از تغییر فصل بود.
000445,صدف‌های ساحلی زیبایی طبیعت را نشان می‌داد.
000446,رودخانه کوهستانی توجه عکاسان را جلب کرد.
000447,طبیعت بکر صدایی دلنشین در فضا ایجاد کرد.
000448,باد میان برگ‌ها تغییرات جالبی در محیط ایجاد کرد.
000449,زمین سبز بخشی از چرخه طبیعی زندگی است.
000450,آسمان شب برای بسیاری از موجودات اهمیت دارد.
000451,تاریخ هر سرزمین بخشی از هویت مردم را شکل می‌دهد.
000452,شهرهای قدیمی به شناخت گذشته کمک می‌کند.
000453,موزه‌های تاریخی برای نسل‌های آینده ارزشمند است.
000454,فرهنگ هر جامعه به همکاری و مسئولیت نیاز دارد.
000455,همکاری مردم با گذشت زمان تغییر می‌کند.
000456,آثار باستانی داستان‌های زیادی برای گفتن دارد.
000457,زبان فارسی نقش مهمی در پیشرفت جامعه ایفا می‌کند.
000458,جاده‌های قدیمی می‌تواند میان مردم ارتباط ایجاد کند.
000459,تمدن‌های بزرگ از تجربه نسل‌های گذشته تأثیر می‌گیرد.
000460,آموزش عمومی به شناخت بهتر جهان کمک می‌کند.
000461,هر شهر تاریخی بخشی از هویت مردم را شکل می‌دهد.
000462,جشن‌های سنتی به شناخت گذشته کمک می‌کند.
000463,کتاب‌های تاریخی برای نسل‌های آینده ارزشمند است.
000464,همدلی اجتماعی به همکاری و مسئولیت نیاز دارد.
000465,آزادی و مسئولیت با گذشت زمان تغییر می‌کند.
000466,نسل جدید داستان‌های زیادی برای گفتن دارد.
000467,معماری قدیمی نقش مهمی در پیشرفت جامعه ایفا می‌کند.
000468,گفت‌وگوی فرهنگی می‌تواند میان مردم ارتباط ایجاد کند.
000469,هویت ملی از تجربه نسل‌های گذشته تأثیر می‌گیرد.
000470,بناهای تاریخی به شناخت بهتر جهان کمک می‌کند.
000471,تغییرات اجتماعی بخشی از هویت مردم را شکل می‌دهد.
000472,کتابخانه عمومی به شناخت گذشته کمک می‌کند.
000473,همکاری گروهی برای نسل‌های آینده ارزشمند است.
000474,میراث فرهنگی به همکاری و مسئولیت نیاز دارد.
000475,زبان و ادبیات با گذشت زمان تغییر می‌کند.
000476,تاریخ شفاهی داستان‌های زیادی برای گفتن دارد.
000477,جامعه سالم نقش مهمی در پیشرفت جامعه ایفا می‌کند.
000478,شهروند مسئول می‌تواند میان مردم ارتباط ایجاد کند.
000479,فرهنگ‌های مختلف از تجربه نسل‌های گذشته تأثیر می‌گیرد.
000480,حافظه جمعی به شناخت بهتر جهان کمک می‌کند.
000481,مشارکت اجتماعی بخشی از هویت مردم را شکل می‌دهد.
000482,هنر ایرانی به شناخت گذشته کمک می‌کند.
000483,رویدادهای تاریخی برای نسل‌های آینده ارزشمند است.
000484,پیشرفت جامعه به همکاری و مسئولیت نیاز دارد.
000485,احترام متقابل با گذشت زمان تغییر می‌کند.
000486,نسل‌های آینده داستان‌های زیادی برای گفتن دارد.
000487,آثار تاریخی نقش مهمی در پیشرفت جامعه ایفا می‌کند.
000488,جامعه پویا می‌تواند میان مردم ارتباط ایجاد کند.
000489,قانون و اعتماد از تجربه نسل‌های گذشته تأثیر می‌گیرد.
000490,فرهنگ محلی به شناخت بهتر جهان کمک می‌کند.
000491,شهر تاریخی بخشی از هویت مردم را شکل می‌دهد.
000492,آینده جامعه به شناخت گذشته کمک می‌کند.
000493,مردم یک کشور برای نسل‌های آینده ارزشمند است.
000494,میراث زبانی به همکاری و مسئولیت نیاز دارد.
000495,تاریخ ایران با گذشت زمان تغییر می‌کند.
000496,زندگی اجتماعی داستان‌های زیادی برای گفتن دارد.
000497,رسم‌های قدیمی نقش مهمی در پیشرفت جامعه ایفا می‌کند.
000498,آثار فرهنگی می‌تواند میان مردم ارتباط ایجاد کند.
000499,دانش تاریخی از تجربه نسل‌های گذشته تأثیر می‌گیرد.
000500,جامعه امروز به شناخت بهتر جهان کمک می‌کند.
000501,ورزش منظم به سلامت جسم و ذهن کمک می‌کند.
000502,پیاده‌روی روزانه با تمرین مداوم بهتر می‌شود.
000503,خواب کافی برای زندگی سالم اهمیت زیادی دارد.
000504,آب آشامیدنی به انرژی و تمرکز بیشتر کمک می‌کند.
000505,غذای سالم باید با شرایط هر فرد هماهنگ باشد.
000506,گرم کردن بدن می‌تواند کیفیت زندگی را افزایش دهد.
000507,تنفس عمیق نیازمند تعادل و استمرار است.
000508,ورزش گروهی از بسیاری از مشکلات جلوگیری می‌کند.
000509,استراحت کافی به استراحت و توجه کافی نیاز دارد.
000510,فعالیت بدنی با انتخاب‌های روزانه ارتباط دارد.
000511,صبحانه مناسب به سلامت جسم و ذهن کمک می‌کند.
000512,تمرین ورزشی با تمرین مداوم بهتر می‌شود.
000513,سلامت روان برای زندگی سالم اهمیت زیادی دارد.
000514,برنامه ورزشی به انرژی و تمرکز بیشتر کمک می‌کند.
000515,تغذیه متعادل باید با شرایط هر فرد هماهنگ باشد.
000516,دویدن صبحگاهی می‌تواند کیفیت زندگی را افزایش دهد.
000517,تمرکز ذهنی نیازمند تعادل و استمرار است.
000518,عادت سالم از بسیاری از مشکلات جلوگیری می‌کند.
000519,هوای تازه به استراحت و توجه کافی نیاز دارد.
000520,بازی حرکتی با انتخاب‌های روزانه ارتباط دارد.
000521,هدف ورزشی به سلامت جسم و ذهن کمک می‌کند.
000522,استراحت ذهنی با تمرین مداوم بهتر می‌شود.
000523,تحرک روزانه برای زندگی سالم اهمیت زیادی دارد.
000524,زندگی سالم به انرژی و تمرکز بیشتر کمک می‌کند.
000525,غذای تازه باید با شرایط هر فرد هماهنگ باشد.
000526,ورزش صبحگاهی می‌تواند کیفیت زندگی را افزایش دهد.
000527,تمرین منظم نیازمند تعادل و استمرار است.
000528,سلامت جسم از بسیاری از مشکلات جلوگیری می‌کند.
000529,رقابت سالم به استراحت و توجه کافی نیاز دارد.
000530,فعالیت روزانه با انتخاب‌های روزانه ارتباط دارد.
000531,حرکت صحیح به سلامت جسم و ذهن کمک می‌کند.
000532,برنامه غذایی با تمرین مداوم بهتر می‌شود.
000533,خواب منظم برای زندگی سالم اهمیت زیادی دارد.
000534,ورزشکار موفق به انرژی و تمرکز بیشتر کمک می‌کند.
000535,کاهش استرس باید با شرایط هر فرد هماهنگ باشد.
000536,بدن انسان می‌تواند کیفیت زندگی را افزایش دهد.
000537,تعادل زندگی نیازمند تعادل و استمرار است.
000538,بازی کودکان از بسیاری از مشکلات جلوگیری می‌کند.
000539,سلامت عمومی به استراحت و توجه کافی نیاز دارد.
000540,استقامت بدنی با انتخاب‌های روزانه ارتباط دارد.
000541,قدرت عضلانی به سلامت جسم و ذهن کمک می‌کند.
000542,تمرین سبک با تمرین مداوم بهتر می‌شود.
000543,آرامش ذهنی برای زندگی سالم اهمیت زیادی دارد.
000544,تغذیه مناسب به انرژی و تمرکز بیشتر کمک می‌کند.
000545,نشستن طولانی باید با شرایط هر فرد هماهنگ باشد.
000546,فعالیت بیرونی می‌تواند کیفیت زندگی را افزایش دهد.
000547,هدف کوچک نیازمند تعادل و استمرار است.
000548,عادت روزانه از بسیاری از مشکلات جلوگیری می‌کند.
000549,زندگی فعال به استراحت و توجه کافی نیاز دارد.
000550,سلامت آینده با انتخاب‌های روزانه ارتباط دارد.
000551,شعر فارسی می‌تواند احساسات عمیقی ایجاد کند.
000552,نقاشی زیبا نگاه متفاوتی به جهان ارائه می‌دهد.
000553,موسیقی آرام به خلاقیت و تمرین نیاز دارد.
000554,داستان کوتاه خاطرات بسیاری را زنده می‌کند.
000555,هنر ایرانی بخشی از فرهنگ یک جامعه است.
000556,عکس قدیمی می‌تواند داستانی انسانی را روایت کند.
000557,نویسنده جوان برای هر مخاطب معنای متفاوتی دارد.
000558,رنگ‌های روشن با انتخاب‌های هنرمند شکل می‌گیرد.
000559,موسیقی سنتی به شناخت بهتر انسان کمک می‌کند.
000560,کتاب ادبی در طول زمان ارزش خود را حفظ می‌کند.
000561,هنرمند خلاق می‌تواند احساسات عمیقی ایجاد کند.
000562,نمایش تئاتر نگاه متفاوتی به جهان ارائه می‌دهد.
000563,ادبیات فارسی به خلاقیت و تمرین نیاز دارد.
000564,داستان جذاب خاطرات بسیاری را زنده می‌کند.
000565,خطاطی زیبا بخشی از فرهنگ یک جامعه است.
000566,سینمای ایرانی می‌تواند داستانی انسانی را روایت کند.
000567,اثر هنری برای هر مخاطب معنای متفاوتی دارد.
000568,شاعر جوان با انتخاب‌های هنرمند شکل می‌گیرد.
000569,موزه هنری به شناخت بهتر انسان کمک می‌کند.
000570,خواندن داستان در طول زمان ارزش خود را حفظ می‌کند.
000571,تصویرسازی کتاب می‌تواند احساسات عمیقی ایجاد کند.
000572,نقاشی قدیمی نگاه متفاوتی به جهان ارائه می‌دهد.
000573,اثر خلاقانه به خلاقیت و تمرین نیاز دارد.
000574,کتاب ارزشمند خاطرات بسیاری را زنده می‌کند.
000575,موسیقی فیلم بخشی از فرهنگ یک جامعه است.
000576,تجربه هنری می‌تواند داستانی انسانی را روایت کند.
000577,نمایشگاه هنری برای هر مخاطب معنای متفاوتی دارد.
000578,زیبایی طبیعت با انتخاب‌های هنرمند شکل می‌گیرد.
000579,داستان کهن به شناخت بهتر انسان کمک می‌کند.
000580,عکس خانوادگی در طول زمان ارزش خود را حفظ می‌کند.
000581,ادبیات معاصر می‌تواند احساسات عمیقی ایجاد کند.
000582,رنگ و نور نگاه متفاوتی به جهان ارائه می‌دهد.
000583,هنرهای دستی به خلاقیت و تمرین نیاز دارد.
000584,کتاب داستان خاطرات بسیاری را زنده می‌کند.
000585,موسیقی محلی بخشی از فرهنگ یک جامعه است.
000586,نقاشی دیواری می‌تواند داستانی انسانی را روایت کند.
000587,خلاقیت هنری برای هر مخاطب معنای متفاوتی دارد.
000588,شعر نو با انتخاب‌های هنرمند شکل می‌گیرد.
000589,اثر ادبی به شناخت بهتر انسان کمک می‌کند.
000590,تصویر زیبا در طول زمان ارزش خود را حفظ می‌کند.
000591,داستان انسانی می‌تواند احساسات عمیقی ایجاد کند.
000592,ساز موسیقی نگاه متفاوتی به جهان ارائه می‌دهد.
000593,کتابخانه ادبی به خلاقیت و تمرین نیاز دارد.
000594,هنرهای سنتی خاطرات بسیاری را زنده می‌کند.
000595,نویسنده موفق بخشی از فرهنگ یک جامعه است.
000596,نمایش هنری می‌تواند داستانی انسانی را روایت کند.
000597,اثر ماندگار برای هر مخاطب معنای متفاوتی دارد.
000598,تخیل انسان با انتخاب‌های هنرمند شکل می‌گیرد.
000599,زبان هنر به شناخت بهتر انسان کمک می‌کند.
000600,آینده ادبیات در طول زمان ارزش خود را حفظ می‌کند.
000601,برنامه‌ریزی دقیق به برنامه‌ریزی دقیق نیاز دارد.
000602,کار تیمی می‌تواند بهره‌وری را افزایش دهد.
000603,هدف روشن به همکاری و ارتباط شفاف وابسته است.
000604,مدیریت زمان فرصت‌های تازه‌ای برای رشد ایجاد می‌کند.
000605,پروژه موفق با تصمیم‌های درست بهتر پیش می‌رود.
000606,گزارش دقیق به نیازهای واقعی مردم توجه دارد.
000607,بازار جدید از تجربه‌های گذشته درس می‌گیرد.
000608,مهارت حرفه‌ای با تلاش مداوم به نتیجه می‌رسد.
000609,کسب‌وکار کوچک به مدیریت مناسب منابع نیاز دارد.
000610,کیفیت خدمات می‌تواند ارزش تازه‌ای ایجاد کند.
000611,تلاش مداوم به برنامه‌ریزی دقیق نیاز دارد.
000612,جلسه کاری می‌تواند بهره‌وری را افزایش دهد.
000613,ارتباط شفاف به همکاری و ارتباط شفاف وابسته است.
000614,نوآوری تازه فرصت‌های تازه‌ای برای رشد ایجاد می‌کند.
000615,منابع پروژه با تصمیم‌های درست بهتر پیش می‌رود.
000616,تصمیم اقتصادی به نیازهای واقعی مردم توجه دارد.
000617,بازخورد مشتری از تجربه‌های گذشته درس می‌گیرد.
000618,تجربه کاری با تلاش مداوم به نتیجه می‌رسد.
000619,تیم موفق به مدیریت مناسب منابع نیاز دارد.
000620,پیشرفت شغلی می‌تواند ارزش تازه‌ای ایجاد کند.
000621,مدیریت خوب به برنامه‌ریزی دقیق نیاز دارد.
000622,اقتصاد محلی می‌تواند بهره‌وری را افزایش دهد.
000623,بررسی بازار به همکاری و ارتباط شفاف وابسته است.
000624,ایده تازه فرصت‌های تازه‌ای برای رشد ایجاد می‌کند.
000625,محیط کاری با تصمیم‌های درست بهتر پیش می‌رود.
000626,تصمیم مهم به نیازهای واقعی مردم توجه دارد.
000627,پروژه پیچیده از تجربه‌های گذشته درس می‌گیرد.
000628,بهره‌وری بیشتر با تلاش مداوم به نتیجه می‌رسد.
000629,اعتماد تیمی به مدیریت مناسب منابع نیاز دارد.
000630,هدف بزرگ می‌تواند ارزش تازه‌ای ایجاد کند.
000631,محصول جدید به برنامه‌ریزی دقیق نیاز دارد.
000632,تجربه دیگران می‌تواند بهره‌وری را افزایش دهد.
000633,کار باکیفیت به همکاری و ارتباط شفاف وابسته است.
000634,برنامه کاری فرصت‌های تازه‌ای برای رشد ایجاد می‌کند.
000635,مدیر خوب با تصمیم‌های درست بهتر پیش می‌رود.
000636,رقابت سالم به نیازهای واقعی مردم توجه دارد.
000637,هزینه کمتر از تجربه‌های گذشته درس می‌گیرد.
000638,رشد اقتصادی با تلاش مداوم به نتیجه می‌رسد.
000639,ارزش محصول به مدیریت مناسب منابع نیاز دارد.
000640,ارتباط حرفه‌ای می‌تواند ارزش تازه‌ای ایجاد کند.
000641,موفقیت پایدار به برنامه‌ریزی دقیق نیاز دارد.
000642,خلاقیت کاری می‌تواند بهره‌وری را افزایش دهد.
000643,شکست گذشته به همکاری و ارتباط شفاف وابسته است.
000644,کارآفرینی فرصت‌های تازه‌ای برای رشد ایجاد می‌کند.
000645,برنامه مالی با تصمیم‌های درست بهتر پیش می‌رود.
000646,محصول کاربردی به نیازهای واقعی مردم توجه دارد.
000647,تخصص‌های مختلف از تجربه‌های گذشته درس می‌گیرد.
000648,مسئولیت‌پذیری با تلاش مداوم به نتیجه می‌رسد.
000649,پروژه آینده به مدیریت مناسب منابع نیاز دارد.
000650,تلاش مشترک می‌تواند ارزش تازه‌ای ایجاد کند.
000651,امروز ۲۵ تیر ۱۴۰۵ است.
000652,جلسه ساعت ۸:۳۰ صبح آغاز می‌شود.
000653,قطار ساعت ۱۷:۴۵ از ایستگاه حرکت می‌کند.
000654,در کلاس ما ۲۸ دانش‌آموز حضور دارند.
000655,این کتاب در سال ۱۴۰۲ منتشر شده است.
000656,شماره اتاق من ۳۰۷ است.
000657,فاصله این دو شهر حدود ۱۸۰ کیلومتر است.
000658,او در مسابقه رتبه سوم را به دست آورد.
000659,قیمت این دفتر ۷۵ هزار تومان است.
000660,امروز دمای هوا به ۳۲ درجه رسید.
000661,جلسه دوم روز دوشنبه برگزار خواهد شد.
000662,شماره صفحه مورد نظر ۱۲۴ است.
000663,این مسیر تقریباً ۴۵ دقیقه زمان می‌برد.
000664,درخت حدود ۲۰ سال قدمت دارد.
000665,آزمایش در سه مرحله انجام شد.
000666,او ۵ کتاب درباره تاریخ ایران مطالعه کرد.
000667,کلاس ساعت ۱۰:۱۵ به پایان می‌رسد.
000668,این فایل شامل ۱۰۰ نمونه دست‌نوشته است.
000669,سال ۱۴۰۴ برای این پروژه بسیار مهم بود.
000670,در مسابقه ۱۲ تیم شرکت کردند.
000671,فاصله خانه تا دانشگاه ۶ کیلومتر است.
000672,این دستگاه با ولتاژ ۲۲۰ ولت کار می‌کند.
000673,امروز صفحه ۴۲ کتاب را خواندم.
000674,درصد خطای مدل کمتر از ۵ درصد بود.
000675,جلسه روز ۱۵ مرداد برگزار می‌شود.
000676,این جعبه حدود ۳ کیلوگرم وزن دارد.
000677,او در مدت ۲ ساعت مسئله را حل کرد.
000678,قطر این دایره ۱۰ سانتی‌متر است.
000679,پروژه در مرحله ۴ توسعه قرار دارد.
000680,در ساعت ۲۳:۰۰ چراغ‌ها خاموش شدند.
000681,این گروه شامل ۷ پژوهشگر است.
000682,مسیر جدید ۲۵ کیلومتر کوتاه‌تر است.
000683,او ۹۰ دقیقه برای مطالعه وقت گذاشت.
000684,این آزمایش در دمای منفی ۵ درجه انجام شد.
000685,شماره تماس روی برگه با عدد ۰۹۱۲ آغاز می‌شود.
000686,در سال ۱۳۹۹ نخستین نسخه پروژه منتشر شد.
000687,این فایل ۶۴ مگابایت حجم دارد.
000688,حدود ۷۰ درصد پاسخ‌ها درست بودند.
000689,مسابقه در ساعت ۱۴:۰۰ شروع می‌شود.
000690,او ۳ بار نتیجه آزمایش را بررسی کرد.
000691,این ساختمان ۱۲ طبقه دارد.
000692,فاصله میان دو نقطه ۲٫۵ متر است.
000693,در روز جمعه ۲۱ نفر در برنامه شرکت کردند.
000694,این برنامه از نسخه ۳٫۱۳ پایتون استفاده می‌کند.
000695,مقدار آب مورد نیاز حدود ۱٫۵ لیتر است.
000696,پژوهش طی ۶ ماه به پایان رسید.
000697,در صفحه ۸۰ یک تصویر مهم قرار دارد.
000698,او برای خرید ۴ دفتر و ۲ خودکار به فروشگاه رفت.
000699,درصد رشد امسال به ۱۲٪ رسید.
000700,کد با دستور print() نتیجه را نمایش می‌دهد.
